attendance_rate,quiz_avg,assignment_avg,midterm_score,base_cgpa,passed
62.472407130841745,61.526542810897446,73.81623953671183,67.9439429605111,3.120642385194555,1
97.04285838459498,58.33455021037848,83.73451177530978,61.09662841722439,1.9309659052629156,1
83.9196365086843,22.051365264514857,40.03743190339992,43.05476207676236,3.6809864083870374,1
75.91950905182219,47.299826210092505,69.98992796855991,20.517148623176844,3.0327905976731038,0
49.36111842654619,50.41564950286856,65.7396786514999,59.69913775206511,1.8930097088923856,0
49.35967122017216,51.90582247175204,86.62643014306168,42.85007908497945,3.905845143703017,0
43.48501673009197,66.41378953818659,92.48696483850084,78.76866405684281,2.7959136583383017,0
91.97056874649611,62.68820373815028,20.972541718190946,21.915701221638678,1.6822461296791376,0
76.06690070459253,68.63240742347557,73.92159352470341,66.78622490446327,3.067082261037668,1
82.48435466776273,81.19066092337026,24.146863929578323,95.31793900048524,2.1329972675320255,1
41.23506965774815,85.03885909728749,63.908693206188474,33.95274136891996,3.5092336296932563,0
98.19459112971967,77.44984609811955,43.010618323494256,57.73195926004763,3.5445551839154765,1
89.94655844802531,96.44189567639478,44.5421279617713,27.313759345371054,3.9473683896366545,1
52.74034664069657,21.45860661410893,48.23668027618852,70.05455298090821,2.754673827561259,0
50.909498032426036,35.662238854683686,69.70339592396881,64.04253444769805,2.6373921993193425,1
51.00427059120603,20.605029998251368,46.72399725350154,52.589241937026586,3.3836890136162014,0
58.254534577572265,71.79797713236823,78.61592404722244,61.7101617178993,1.8311766408548165,1
71.48538589793426,91.84244391599896,52.36219084590957,91.72597267752082,2.8672887844828105,1
65.91670111852694,39.47858372610394,25.468256024796688,35.70354418488536,2.8656190003271274,1
57.47374841188251,94.16276358370453,82.70078739872858,21.80516093642778,1.723682807025968,0
76.71117368334276,24.821391223164866,42.86066596741648,88.93319077592808,2.544960213767284,1
48.36963163912251,94.75488214444114,54.62135036794101,66.16936659103251,3.6332119964180047,0
57.528678912113094,48.12981497917075,74.83551065775212,91.2526764369474,3.640384054986651,1
61.9817105976215,28.11366627593732,46.59649257189696,67.75561787305381,1.7480941622992026,0
67.36419905302216,58.86974073490605,24.52685249173725,84.8128871967762,1.7268022068695772,1
87.11055768358082,40.542125417640634,49.913683761025084,54.373869068411835,2.156738692504838,1
51.98042692950158,42.78983215695383,95.55588661554427,79.9887945030615,3.6869151563849836,1
70.8540663048167,44.58319719410292,71.33875178388465,93.04331735118848,1.8222564626837474,1
75.54487413172255,84.24207182661307,73.71833189337656,65.7698370977765,3.2999920065686155,1
42.78702476319987,63.132902134020355,70.58257229101119,34.462812044990365,1.752914049032758,0
76.45269111408629,44.90461593248029,35.919371116754945,41.50380920241585,3.0578446343695633,1
50.23144742123749,68.82670266487347,53.46670912818241,35.89156615179246,2.3901682477978623,0
43.90309557911677,77.29205393785548,80.07518386906546,39.74856220765864,3.4722849074146676,0
96.93313223519999,41.8099200586827,28.10983180425273,44.51323594808291,2.0842261220634093,1
97.93792198447356,53.08392812202812,42.22822208717698,64.41070294025508,3.0980045734748995,1
88.50384088698766,29.750887466955803,42.10552867726829,67.03933035710662,2.0892063364397124,1
58.27682615040224,34.491947962774425,54.56151420756048,54.11997977934889,3.2841507077803844,1
45.86032684038303,74.48942831719862,98.42949927537481,69.23366238566683,3.6841950864018718,0
81.05398159072942,34.515067815650156,25.400203734705755,26.525994048909276,1.8170044978169,0
66.40914962437608,62.01307069336481,61.496079550447604,27.023058964652797,3.6664892214887588,0
47.32229409068673,76.72370093779462,34.349174560976834,33.746356828612676,2.9839381360357446,0
69.71061460667622,28.55015384757951,97.65412363277953,61.44619984322758,1.81777622716756,1
42.063311266913104,65.38497757031229,29.064280378197136,37.119574295865085,2.56885463839928,0
94.55922412472692,40.525022696109104,52.288080188927296,42.662752279406185,1.9021507337127448,1
55.52679889600101,97.03415001900639,79.03079878676849,52.025026893839524,3.250869722166424,1
79.75133706123893,58.683651737593976,76.36435424219562,84.94928992083038,3.397170336044874,1
58.70266456536466,84.47940398201266,53.818290951514584,21.10897087302881,1.7644913006819973,0
71.20408127066865,64.01812337250094,47.721933436217455,71.95030561892979,2.765349631736611,1
72.80261676059678,23.473002628385533,51.808990284229644,73.51012248325483,3.536562640064793,1
51.091267331531625,70.65211004752179,41.142101052691146,83.89246242853092,3.840407603877491,1
98.17507766587352,96.11226737653256,36.42663509654398,94.62023512482506,2.7837946668544253,1
86.50796940166687,68.1289456117065,58.6431758047112,21.611027915943186,3.8756980590285175,1
96.36993649385136,85.53510875414321,41.482700485408586,32.30269644105729,2.8392224261400747,1
93.68964102565893,90.73651706787263,42.99693319178001,90.89370352447945,2.48547623649977,1
75.8739987286651,38.2463817559146,72.54048507796456,56.68148497496123,3.6205078213822386,1
95.312454101387,36.96358719265813,97.48298653599137,65.16725111467707,2.7324567761452228,1
45.30955012311517,68.87847910807935,68.29097604475001,73.0421762978518,2.6797562764113074,0
51.75897174514871,52.882277584536375,26.158357365197304,74.325328359651,2.725781223524571,1
42.71363733463228,87.18890422933762,26.04668910832536,94.53923226532066,3.6169625046743636,0
59.519819845795865,92.00184987184089,96.11385766764528,99.75595339293358,3.57985385422013,1
63.320637381368925,48.27371034421745,43.78326322458669,77.61259687447522,2.5087999811005277,1
56.28094190643375,38.94964471795856,27.365358886598035,42.977696736412064,2.3332496496763127,1
89.72425054911577,82.44204121950895,67.92356697203053,90.38019218354749,2.7298200600978233,1
61.40519960161536,41.984482843850884,69.89190226322128,23.93767316326093,2.9319312743427726,0
56.85607058124285,85.80914548109428,71.88038560949505,38.4864682299597,2.0958430265699923,1
72.56176498949492,53.89906029190102,41.392162228603304,91.79085739709718,3.4848877117889767,1
48.45545349848576,73.40399194331764,21.208854737158003,40.495321155148396,2.716206914331057,0
88.13181884524238,27.642825106773454,97.20122955635775,37.65208476973988,2.335113871049899,1
44.47303862078625,69.90874597412585,40.0714436552882,31.05002345121978,1.7670524824099765,0
99.21321619603104,56.14141429897833,74.08210304420379,88.72894061175332,2.0971129010090173,1
86.33468615779944,66.92867705403793,76.53038959029676,60.00466073528693,3.8732029293899592,1
51.92294089205035,33.441136619589074,68.80059336635885,73.99145624433238,2.2627492170488166,1
40.331327027416144,78.94989959553456,45.03259153709186,39.125310726002375,1.9221482234175884,0
88.92768570729005,89.02376620345828,41.68770030112526,80.64323368089731,2.651681979137483,1
82.41144063085703,37.33918400726205,67.81346261621624,80.80044359696788,2.2677193584006217,1
83.74043008245924,27.657164441612938,89.28765068893532,45.00784199266401,1.5878981256779854,1
86.27622080115674,21.89108688370691,95.73869831387165,52.85461064082263,2.307863043198543,1
44.442679104045425,71.35772003546128,28.472464352300612,36.77522219441607,2.8602715598486714,0
61.507943712656356,68.56752288710246,32.38628900781759,98.12488186583235,2.8792809300499176,1
46.95214357150778,63.7357930171256,95.57890070264637,71.64820616467293,2.391397302942222,0
91.78620555253562,38.555767689278035,78.92281826678341,94.76351045724124,2.6182568906315016,1
77.39788760965348,51.27247967244117,90.63950598638185,44.270843490330655,3.913794795586916,1
59.85388149115895,67.55810681489385,36.210610730827455,82.55127303975118,2.4433711930757793,1
43.81350101716142,59.741348708733554,67.00686968875215,81.26869151077936,2.1455670331499572,0
58.65893930293973,99.02284161719098,76.0911675533979,75.33245214932333,2.1086676101669,1
59.51099932160482,30.91518020453865,74.40895083575782,97.25111802134404,2.644411531760335,1
83.77637070028385,75.6115643238075,52.65213526933585,51.48442688850524,3.39880037179236,1
78.25344828131279,52.34550144834337,21.231591335304678,30.457385887180585,2.014970460471183,0
93.23276455457959,54.25596919404918,66.63408454434105,73.73670873952486,3.2732403178519203,1
68.33289550971696,77.4078212526541,40.2481231343687,78.3447840381765,1.5528745583735408,1
47.1756547562981,75.39489210594957,56.020339691431225,66.00484587670518,2.5473324449598653,0
82.7946872333797,99.30047949617506,96.60648120670538,36.5454314506717,3.439662663006967,1
85.64710291701385,30.27154315633002,51.922825411394776,60.35647533354843,2.3468323894360785,1
73.67663185416978,28.328771950733305,87.18412853315414,44.97517892553035,2.9093427536134984,1
86.25803079727366,77.94710537029928,35.083248459940094,54.19732225333512,2.012448082064777,1
69.62773578186344,66.27095336051272,73.7968398420023,71.61748606757311,3.354988477815431,1
71.36396976291965,41.93285332478447,98.16055635511547,79.61717941526676,1.630697758171899,1
65.65246110151298,26.35354951911893,28.15144806983494,38.57797527210745,3.631356612188751,0
41.52514760464571,26.852659967714445,20.66559537817536,52.42602885175627,1.9954909660541704,0
46.473485619598264,91.53526997312946,54.686623410609144,41.53292567933033,3.685995079270827,0
41.885751141204054,35.34938597749943,27.410038644109378,35.89052910894953,2.3813231032512934,0
78.18462467582683,45.86972496924166,79.8707479740985,82.67097759966707,3.3067089361862165,1
58.8613588645796,38.13251217815904,93.16389310788472,92.74021555495939,2.298063244465471,1
70.51424146988217,48.39970446655499,54.721677816700705,49.61857485476614,3.764779178086619,1
94.45398843556558,25.55390741968747,40.69693137243527,80.10231394990134,1.816592813795936,1
54.9575337489325,61.52478327266163,54.75226552052878,91.75962314915289,1.9462994731814969,1
64.62297538213778,25.409005087377192,77.87582542800008,87.68993684241852,2.732575312897006,1
85.33306831258292,84.02852062578893,20.72433292642968,34.625071083138074,1.7048460975953654,0
53.72788992949735,38.69696655283464,67.15631915877577,96.50335052106891,1.9899504617544048,1
44.61879458972758,63.20095316836085,69.06333479099033,50.134115234357,3.859415955530036,0
57.38508717482608,90.40632700491666,71.01505975167484,47.13925289390691,3.941224152869718,1
49.67327723524026,72.07018952377553,39.36176639847018,24.994506182222427,2.4406483233260547,0
95.78185914055439,62.636622924106824,77.12421787025013,58.89389232839064,3.8082150525348393,1
88.48722277386501,45.94670024923005,27.311318906542112,28.721089251274297,2.8620616891835793,0
78.00422539062541,46.64015304465583,35.94162691734407,39.88318567419408,2.1743561646844176,0
92.28763541126307,73.5589564158552,90.19760373235856,45.35540974138251,3.2559968027014965,1
88.22032461394687,99.5311488976934,79.09785205812531,84.70610587933473,3.147254516437143,1
51.19420353316215,72.9471351879503,21.099644320907622,90.03909203167171,3.9728132977718333,1
93.55353990939867,64.622673389602,39.87010082958402,44.19730539691757,2.162618218523208,1
72.36053451493905,78.45204081913968,37.15251863945316,88.69584969956591,3.1801487566543383,1
88.44640930984374,57.21644898269745,41.664506242957806,88.57847498958328,1.6300593875736173,1
93.7654779954096,24.811387408062817,39.80478162239091,81.17207603078988,1.7841150967417985,1
59.08020849831183,64.98374527023279,25.00210365942766,31.735609121214523,1.5097959373777332,1
46.60311547166061,96.61002276043041,56.71524132774563,75.22582775205832,3.998651702649183,0
53.6761097525165,34.02423538861277,78.61867798289322,95.6019251664455,3.5056842428686945,1
65.62646731757538,75.20039126565325,68.53853797739491,74.60323830137256,3.4668075368338522,1
89.08088595534959,36.07469509272452,73.82973348784638,46.52934792862672,2.7743151882204495,1
91.64383499538062,62.8662147578465,26.49193428289913,60.0463453944665,2.2501677072636,1
40.41712783187144,27.73411597173757,96.11925681414297,71.65800346808429,1.8781607111566898,0
70.64483815465394,56.02967490065481,87.07934670744199,60.84563269828028,2.2116868471161593,1
65.04466018892674,80.49306631161969,84.40722547965302,29.596235338477584,2.4399280548228477,0
53.326468628243816,47.80572193911857,85.8387044033414,44.96512357216165,3.390775242450735,1
47.19192204002097,73.19293795897744,94.6168406506209,84.1916824442906,2.849154472257881,0
60.25691028421768,83.63599686317833,63.54031728909582,88.91344368764139,1.6937090663887067,1
96.57458223475115,94.17422555835621,36.022561429410075,30.98400261724562,1.5450725223972805,1
59.39217592124531,38.77136654843628,69.34268862820329,96.19094019189797,1.755830448835158,1
71.12743730460197,51.94527326474465,79.43051949343513,46.30580942788875,2.5262467842434484,1
82.18113753371067,32.19328106643339,79.03339146832204,72.9850990984576,3.8329822926225456,1
61.81777614275764,99.39868017267001,61.71592193335041,80.1460116765345,3.093506203023054,1
98.30692496325764,94.16007743394363,25.476697546686246,84.95569877103067,3.5045647496887877,1
97.74683769652668,63.196570422444765,49.68903507441023,95.65997617807442,2.6659364862613715,1
55.10693774952185,87.3626635501137,93.66132867706858,45.03356384230581,2.404165207987607,1
69.83491035354312,61.67663818176337,66.75591278059409,88.68051636412436,1.7710009317915567,1
58.052698589006184,69.88685504022078,63.066555460457074,30.53495227489656,3.6898325554655123,1
57.090429662648056,27.12995456928133,41.508281150575485,76.40327250828742,3.457900072569757,1
42.213216841271965,80.42163363974464,49.47591359332631,79.35821836111887,1.9202952439943128,0
76.57386003879381,30.217078690818788,91.62768713225354,74.21785929610564,2.7806514096906514,1
70.16074139373168,86.08541042020227,73.31704380214686,40.18517889081224,2.7184370198031123,1
43.08872507499936,82.56224701363087,82.99096214018662,89.84345176121627,3.0627288817163216,1
56.71878785419669,76.69957581943811,56.34763384541241,33.5086770696316,3.865467234978153,1
94.49595315799922,22.89283044198097,70.41977755649263,24.290783321666467,2.949428604406199,0
54.37371344001835,44.250268475626285,39.8706886994566,77.39719924895297,2.8505431669465464,0
48.693692325473386,41.04900559286743,76.4368664226789,58.0380572186187,1.62580733233666,0
69.36716561665378,48.810912597721526,54.20810669626698,87.92784159669408,1.65726869004506,1
99.13902724663603,27.011419741107083,55.403641185179644,50.671771284660714,1.9683669783169722,1
54.523316290690026,94.95662584248502,71.94578596615054,33.462287080617024,1.5811769292293707,1
80.32813284435272,64.3041792569901,94.90244971751413,86.91537539758957,3.358382238925031,1
85.69717691972306,44.44194485264188,25.120507728689674,63.91277053120574,3.308325759984908,1
54.25825263954398,51.75852136594267,85.97945898776061,35.13566339122839,1.8401405860791074,0
83.69298091671158,55.77620324038685,43.39064883297545,77.63071988691566,3.590197251988202,1
62.06698796315519,68.04754666884938,55.51355636051022,60.88909107916004,1.8869650871152799,1
77.93834983561476,61.25435421571982,21.75306630200072,68.34503857922559,2.252938967493397,1
78.01178264565368,93.55135785715339,44.083686226745044,56.871867056526554,2.1224422479034124,1
72.14648104448551,59.75707863246642,60.210499410410435,86.29671870544051,2.430767746432619,1
45.4173862032645,99.372641185865,24.49408618779512,86.36501725464399,2.136659414724905,1
90.11814973535428,88.11399661960766,59.28765835065321,76.7511057459509,2.7223773160961304,1
59.24680389830415,36.680841148586865,94.16885030867418,28.43211019171698,2.5185197033867137,0
51.19111062399125,94.4476171715133,28.431457448624418,87.1083089523255,3.9664237269483165,1
42.44650849328583,29.309311830838087,81.15525824604035,73.68103844263278,1.639815875320564,0
75.4535765912945,85.39597667929533,52.773684270079414,75.76193328034395,1.855453440968379,1
80.65386171053694,50.4498634781264,72.41389716194703,49.03862723230973,1.6320647347715063,1
40.99526973567137,90.23794563560556,40.81892783881835,90.34236449256053,3.0646029874559395,0
70.72558349795686,89.44453520859602,32.75938100330866,78.0297280187886,1.636273193534299,1
53.58974651187628,84.4740320094097,32.83700914169812,29.007237322335556,3.5910993434403085,0
78.71036742456698,83.20243490456491,25.639355651451574,52.622242752493015,2.7798465767048195,1
50.46198574029948,44.37433112784326,34.85173639209944,90.91042895681133,2.8175190614538344,1
81.45626428614796,26.473542644100174,73.13755079911746,23.775736135790318,2.9039862692804856,0
63.20412077803225,52.23841430121291,90.53524894748064,96.91332957136396,1.9270342657655268,1
96.20379932420407,33.88196119892069,85.13005484729294,74.33300546556502,1.9942257577862188,1
48.25125664875959,75.59608711219694,74.81074478995873,70.51007821147013,2.297043307182512,0
60.46398106301551,47.687978123022845,28.834549072888215,41.64474051903931,2.9837410395546287,0
46.80841127443534,98.04881606879319,43.13499570367598,39.90334309913416,2.025294439850536,0
95.48161709671376,71.27776618762655,44.784550025797515,95.36465755908763,1.7908293178331531,1
92.64036120285886,85.79844509074887,39.9965557118097,43.86179633872982,3.9252922160460804,1
55.47649766290934,30.601973819347876,61.20045277677785,82.04042373751994,1.5549545370240572,0
79.59904276205074,88.9611585818098,62.8443051903738,51.44974385656633,3.506743513340054,1
89.03333201207295,93.82057524107155,48.550878013688816,31.14032566277632,3.470087873937555,1
73.31204869596775,58.96495350551487,48.30313269891488,20.857223815628714,2.24303528461274,0
71.77903470136039,68.5002350200782,86.2844478324865,63.540586961220065,1.8390665400182835,1
54.5111374540271,81.18478407223964,83.14342786557485,98.06230548391461,1.8640716167635585,1
45.586166068353954,33.98709018083301,44.62366653445965,49.53089550473636,3.243579043092981,0
93.83294547719962,60.205286117075396,93.10307550986074,48.575386719443586,3.107016477715434,1
94.02508342979982,51.89304222178505,96.22520136020049,47.527329427955365,3.4568641856284668,1
77.98608743639608,31.70991937297993,46.139403362403264,61.64350698438867,3.8437029309977615,1
60.34178746292204,49.40275378332252,48.353995903444385,55.253190673943486,3.22981840816648,1
60.95257447675965,25.453784750839485,60.45073227375671,90.39317013816115,1.8896288413786086,1
83.55734073221436,22.06495255595896,95.28966500269388,60.44166333787922,2.1086065419135265,1
93.82661559715463,30.81330313238582,90.10555465138492,60.62062705508551,3.6054843271827863,1
93.22518545590704,97.0492089271339,28.205437006687184,31.069727577644528,2.0232651895855214,1
86.79253275145743,63.96236287160136,51.4184594617133,98.61916327283087,1.6813057923862036,1
78.52189876925726,97.2657728922576,64.26969517998174,39.99783126950638,3.2582001351056262,1
45.048397899702934,54.59983026641056,60.2505978041232,25.86912539676821,2.5063158887253554,0
49.69772284567682,44.945290646820766,35.50904543495142,73.05169991801671,3.800100131364759,0
93.91325131162475,60.49134902721953,88.70534169345237,67.6293096125498,3.125637677734154,1
76.3857435795754,55.16093509063281,74.15526263974698,53.211652319419656,1.7260474444791518,1
40.55182309699778,28.453174740939513,87.03266998814429,53.77537871045425,3.869641418134152,0
46.08829257196193,71.2661051752165,88.70114234795777,82.8051136837145,2.1463931591006147,0
79.81010614648335,37.28305460076797,79.86846829325918,35.65701120797193,2.3430312260157145,1
40.30369503077312,69.56703639182636,55.136848099977385,85.62026551559117,2.505651034208855,0
49.64848308504992,72.01608739185227,68.84374040123396,71.89976911160144,1.628060741010783,0
72.92402736199517,32.16198825029185,32.829232489579454,53.517581902361954,2.741288555576512,1
81.5137118615616,24.907970168853453,73.89163339799262,56.64228932670949,1.8082962276882306,1
79.11767557015602,82.46092688547519,34.340260459142456,40.531776574887665,2.5024258167208795,1
53.45615856763359,56.78403390154561,75.51596724081254,80.16914661575798,2.3767744699802105,1
82.73075328085216,24.65310364043806,38.36785286031749,61.029979384421424,3.4321002085662586,1
54.23494524980801,99.58930537358137,29.404104012017598,45.668363419987486,3.5079262790818277,1
59.52398188955606,24.62244487970933,33.222759211436596,67.68400926087602,1.88353220597272,1
84.78948430708145,75.60281830868425,20.15937081752562,99.65875616410584,2.4163779684480655,1
78.97797394283288,98.69431402107308,77.49916942828241,54.820982372524306,2.433382902579579,1
90.95340462965068,39.13440833727405,78.59208392467033,93.65531206228957,1.8785261098402126,1
79.4567735380206,31.379949494975694,61.194667993060754,47.60134719396529,3.4961337626279763,1
74.0985162001283,29.71079515379431,32.9090240844307,24.37861655399887,3.2680708208385583,0
45.62048606968555,44.262011805407646,26.68434700085518,36.33936850947431,1.975954465742587,0
62.06294818356601,28.083664880851735,21.53031731498296,53.49561146621474,2.4168047714844976,0
55.91214206090353,75.37290733553056,33.25985415721766,37.57079428756552,1.7645125621412856,1
54.63937860274501,24.983343850405014,91.26844279865173,20.01816305746044,3.07051649273261,0
98.38063328514673,60.75377025198318,39.32294733613454,93.20012301980218,1.8034298113715492,1
63.58586348000563,99.73574830823814,48.341706177377255,87.51035289847432,3.9648354215622943,1
93.5227933106268,85.11762156048151,28.427638758506653,79.38337851895577,3.4517051867196558,1
77.86831755983577,69.21755505848087,37.78890437985362,33.42516765168229,2.4755963739599878,1
87.6886782124989,44.500289662928935,61.53796566241641,29.629086096798886,2.946409830698386,1
70.15822558631153,69.91166690333108,68.6202146476522,25.40837995779065,3.778354540541022,0
74.61423307758155,62.163317112932134,39.62818513329688,77.9223351018337,2.8852482009895652,1
69.55106162913184,54.086670711229715,24.618572738009377,94.30463685503082,1.9362462159948879,1
51.71457926788267,30.45683013921596,51.28262953019189,54.44286567304296,2.4467583889528983,1
83.34712691569032,90.92833721923733,38.73626967410673,29.531253759683853,3.6078621625743637,0
56.846341746451344,55.9827719057058,37.56431385838415,60.991425658568524,3.1105325399740447,1
41.45895798588723,35.56980094566121,96.78902421707642,47.90655259669041,3.1268109608345007,0
78.72833775443007,49.420748070183166,69.30403887405792,49.985993947999816,3.6670537142212227,1
50.62664076442294,53.130380202314164,64.55027545376767,69.70644993245658,3.7349326436562618,1
96.42751506117486,86.20303164534994,53.262008281865754,77.49744906097618,3.7994814294485906,1
97.23571462015525,78.68915044491217,54.31554667441154,28.848287909852868,1.7371229831328903,0
94.89186341322691,81.54439149130718,63.27240030704647,22.84721846451811,2.8603150049077524,0
62.20952201532666,20.882501154291777,75.71438456288858,99.54642421485718,3.3512738030457965,1
40.927396991732046,53.29231985438092,76.17168769454636,38.618267913244146,3.3923171128175342,0
95.69911375526353,58.50753213082589,33.73551261643597,24.306441992676724,3.0167905049250097,0
65.69104889903886,21.535382145844537,60.009020166130156,35.1900263276736,1.9169683379591853,1
97.99928914262017,40.785056699602734,52.956647602728154,23.116627707877136,3.493551384854161,0
97.81719862535516,80.8231858497708,89.64215730155074,51.34487156937374,3.3002783337873645,1
91.1805673280416,30.968776458319923,70.5135136974701,84.19214275610594,1.7153394288725907,1
57.66693352417514,62.824810516207336,62.600325313278546,47.29955598061765,2.6595245616859406,1
63.105863716115515,37.216149761379,29.23157137431339,55.53467255026932,1.9349434988045089,0
91.06820029101141,20.969661971511464,68.45103114587292,74.0469418853951,2.3436926142824297,1
59.01532030937666,39.29611660796332,29.376312454418674,60.71152560559042,1.5452027305142135,0
50.16956480116555,98.0699003928043,46.976526045260165,88.91565488170593,2.5008246710268955,1
73.40807574750102,84.12296895063916,31.427357185146548,89.28285400366052,2.874692302890526,1
96.16928644964686,96.76613154568267,75.36589176194951,20.79285563929229,3.048956482067717,0
81.76178780049838,59.028323514109,36.50016910689221,82.24370451865593,3.1587258628217754,1
74.2036702053619,28.778895894200282,51.34874985504208,56.85868801933391,3.59072828275615,1
45.83058962624611,63.83675911789544,91.65398220950229,99.10724330429305,2.038657268189325,0
76.90043360195018,56.350186764796874,36.34531067191762,58.65856607003481,1.8012045560961698,1
99.4032310062558,87.54856661916928,60.62440511670233,98.95167563106381,3.628842929744814,1
48.405040914191446,27.846606462739565,53.54173289328176,80.36554889645893,1.8915320372316247,0
71.0997791418242,59.059290961742256,21.44992328365838,39.88839076906451,3.936900203340488,1
92.64238431567733,32.00389317551874,83.42064908582502,63.07159834295661,3.6063455734965926,1
84.44611706525227,45.974074151204796,25.52367250516798,99.37085115828663,2.752191514723998,1
81.82094445971609,78.98856619102398,57.94040167815629,88.6024486201539,3.9535535623050633,1
82.14904503922656,58.081450349501324,64.854263595116,27.789351503297688,1.7434418227700106,0
61.56946907318531,50.07106281166155,70.27411652916697,76.50975974479968,2.2576644029377544,1
57.6155106558696,51.55810228560283,75.09053034463005,47.646366869665044,3.0955610376015286,1
88.56166932871082,56.75574147247893,40.2617906818172,20.55858095042785,2.3750171711829466,0
88.60680368075084,82.80132350696455,20.79830213267595,52.27847752215997,3.8209313799519795,1
92.02433911480622,91.36677511521876,77.87549298839295,38.7803537379977,1.6640652204445439,1
94.79443315338827,96.42677492031426,62.85252794780629,85.50954164163772,2.8735295801524114,1
70.68054393165627,82.9522709004236,86.8894162565799,46.98644870766124,2.9771656684877863,1
70.09097768123198,45.23255165984102,85.71106903205555,86.20189551630537,3.1318203094430603,1
87.89771073800651,75.05077648692337,87.46609342303066,20.047835106783623,2.139165558329536,0
78.99783584666591,55.008249924431354,58.80757279836321,44.62553200208953,2.411416068799661,1
82.11801263546221,40.37364976368409,46.69027166694925,39.293217144620954,3.609201324162444,1
87.74756016616607,87.26972635407381,83.3246562073096,38.68538888548888,1.9873569224253995,1
93.40032050905398,23.074107916986,56.1035290423404,25.454929581237018,3.567169617933405,0
60.27970941109215,92.14095937083388,34.67537571227476,34.96994163284014,2.906638557256856,1
62.53497715839664,56.91819716997873,88.39792156491795,64.44396559084959,3.405468777985205,1
45.63891639045214,70.97611814466244,90.60479014178779,43.30888582701956,3.2840184156586787,0
74.69680845977044,72.74831377646262,57.304780491213606,53.391582586331836,2.0187787384621974,1
42.156536427804525,91.60941925652291,26.055978184782997,50.14935042777508,2.9220318410846824,0
67.9358810879476,70.93357457337659,51.0260871933545,90.07239399999156,3.669307882012731,1
72.5586780824546,69.11468678080494,84.28301275700827,92.42391992084124,2.5802905920048236,1
57.192475127697065,25.332163244855195,92.14192228369829,59.436557732468806,3.9164769255582916,1
75.44999563414065,61.47264175561632,36.27781939980767,46.41247602524835,2.630537750254295,1
41.83001499634297,32.01352006536333,25.357888962021722,28.544056320189092,1.8569640916697117,0
42.24089132495286,78.99470149771885,90.18803625062709,96.2722303505676,2.473586700194183,0
89.3560336395795,60.97775366501396,51.152395118310025,24.818155592023796,3.8792560159763427,0
61.61143848467577,74.41822233666826,63.34087714140506,43.81202220546243,2.2993021233496354,1
47.623630759113084,23.333832048190743,97.44526496406071,43.84529609360033,3.670245399667657,0
71.33459560328826,26.783361283664256,25.325178233137827,45.632102891217194,3.7031267042047245,0
86.19961318591665,77.30587104501458,71.86544059616764,33.142947461792744,2.3754663108299026,1
52.949261649810595,25.76674687989387,25.928433805989364,82.65291447389578,1.7081441451265804,0
77.37342854914002,25.70053822122069,50.03751427732003,29.79982895727914,3.311394772897046,0
45.12084789962608,20.968678018790996,84.30516361547573,70.79253273225302,2.278780747534965,0
43.10090327011646,96.5201118639584,54.67777862045075,29.907682136465397,3.457309035643931,1
71.88127789408888,79.00066875672056,99.77458831223603,25.642851007436526,2.606637120651083,1
72.43810729660639,48.260112680165136,64.72474279572818,92.75436029487012,2.713166855856554,1
78.2457940898924,43.72284650301242,45.69297221087628,35.21030130549646,3.444773516871342,1
83.5654800233597,47.97625837966797,37.60890607238025,85.70001236477634,2.4559083276540696,1
98.55112476775207,81.97228249449455,48.04164274289295,63.57046968857087,2.6078183633072864,1
70.97802089807172,72.90964888563315,49.802661900764065,26.228521568701566,2.4404761719240553,0
59.377388376474755,34.815645429397435,25.497094217916878,96.4358553150454,2.4183512881932,1
87.71117168612221,33.92874682672675,49.56593595414185,39.7568933593514,2.8148664422536482,1
56.24993507572445,27.871651977071785,57.139081579137994,88.77162762820852,3.5219986112528767,1
66.33828524233817,72.82421757610706,77.81902017910437,33.50480046276513,2.4044207798064146,1
44.70738288053596,81.14981297773888,72.53835877772863,88.31543057134823,2.8106368013443417,0
41.521044604927454,41.20371426600032,76.70125241833233,21.05830503242352,3.176818313606502,0
97.7589048806755,21.675596882473023,20.669094550148568,60.942436525558456,2.1735986157591376,0
90.15880723073235,26.573733398114186,37.41339196644289,81.55540635372455,2.1938070122559816,1
81.75845236562188,97.42880278760244,72.93474307198852,94.78364139942266,3.833532817558637,1
64.53717666485619,43.63558219819362,58.719149454379775,92.73617089651896,3.3088364333277216,1
50.39765920425074,81.53785182705069,20.425078053467676,85.56998956381159,2.942966690558272,1
49.38622256026516,69.9730855083411,84.35957139454578,91.05530797290433,3.11930013605153,0
55.01457388987572,50.555171172231674,81.82476586322699,35.937574866966116,1.573248607758546,1
72.95359988236723,36.45498097564441,63.87353303948501,42.7347436569383,3.045257413904242,1
82.87575536200373,29.710913452752514,25.31706606210177,43.11748199368468,2.7737721830605047,0
79.61184260306388,69.20103744310933,81.32120396260677,50.16431448013591,2.864374199448589,1
56.79603381675657,81.97070245102304,66.69708701850911,51.4656536308151,2.3985595670770428,1
97.29191683979164,71.51234028329046,82.55679817263673,63.56442597237404,1.7036847442823548,1
84.2738150017461,62.42417065993266,80.13975939166724,32.79038106931531,1.9833480840301305,1
73.26124315068404,23.356097874530903,84.24016575662696,75.29973310287915,3.8768617830316794,1
76.70324477406113,97.47910220755071,61.44064531236999,33.40532314436052,2.521748905677335,1
65.1760037456674,83.89713533236596,31.225961455481198,44.8246785683638,2.6667078895771605,0
54.86385937006945,43.42576293607718,73.6925978703751,60.26761044849232,1.6317744746335974,1
61.35836071907569,98.39762634870806,69.63790280415765,83.71524492187818,1.5939155738599515,1
85.47076662786215,68.15052717090578,79.38025497592697,79.15753865909818,3.2929536176168943,1
40.863609317785354,66.59381265657971,33.59048048405882,71.64274851284178,2.845236660302778,0
46.964358430414975,79.84585435436257,35.598015992023136,32.461860846413614,2.7717649605406667,0
42.760158521305165,84.941583047211,91.23276137754628,63.76362764924622,2.1078113260566718,0
42.44372813913821,72.51828858652021,79.99822387616567,26.995720143990837,3.361876829074806,0
91.32763504066043,30.247659709296002,92.65827909602584,50.189054143732065,1.9205914477712298,1
82.21947156280143,47.06140047955987,80.69722569311367,53.08132242319673,1.97483685915255,1
68.45042974523952,94.24669122608398,67.77242447922416,23.184915155660306,2.6517804283706887,0
45.870049639060085,37.969248947508156,72.33061896222989,41.91904795759775,2.2156996552798525,0
69.49695250700994,49.77336190700107,91.13023391520079,96.45195738131915,2.118657453082866,1
68.40830624683394,54.56615063553568,66.30454036095524,96.29060862637516,3.113094111383329,1
50.39211219460091,55.15239917555618,70.59130594627099,48.18616434020314,3.127429363046361,1
66.03109895427838,69.03516659956205,32.518137280288045,23.448008715865925,3.561292674499823,0
63.91028406384241,95.4460670195766,57.91369760928822,34.327595146254524,2.54427141743244,1
76.95100588313298,39.2554169466004,77.31176895664791,51.37742347468321,1.6827127275653755,1
78.10561905205863,29.720110104073445,41.67541586530923,95.82237583753839,2.184165962303644,1
42.71824058632267,35.79763918879499,36.18033444196279,31.295925082974794,3.9500136579920424,0
62.47675687758827,90.95399201674157,45.106144657953244,81.08126749345698,2.9906464380817552,1
77.55159494285418,71.66486501241648,39.32005023942668,28.694603149975364,3.2743427120025506,0
70.18817551480527,42.87254313913281,37.19301096291167,98.50060619130215,1.5183945740635363,1
91.38939047129934,85.27575511748938,53.98806742944696,50.5293199287308,2.795514330456302,1
79.52161789713671,88.90959970907488,92.62708111068272,82.01876311192449,1.5938216438295079,1
49.77606562488578,87.72114709522225,60.564771739097466,47.407286624890546,2.92307553022862,0
44.23412484402579,93.51412269116436,35.03363046522584,70.2135101727047,3.8019271240901884,0
78.54515669237894,40.17928161386892,26.157733550469928,35.36128677920294,3.9210478262510198,1
41.59067863249731,80.40335429970227,75.69249161103401,31.681681543757,2.85138168847231,1
75.1465348764078,56.8431597819312,50.623901154911024,95.0451311654505,2.64551201313054,1
96.41381448549745,87.35988423120492,85.74647572682875,93.41178223235468,3.862542735621235,1
74.52845067255274,78.27925417292906,72.76086149126161,90.99751521703058,3.1840245799917377,1
63.29019557239131,82.11579571997797,83.69931604330948,70.03467601332747,1.6622481988460236,1
78.59729310654119,72.49294701448572,41.7556831534759,84.66145689730226,2.664313944168744,1
67.49517342949099,34.19430155757655,75.38871379688464,25.52295495290999,2.1006125461607597,0
72.7370073589561,63.60215351175506,41.124958775497504,46.78312335125433,2.674510803621704,1
96.48788852659152,98.77357916196065,95.12547835602332,45.096249980572495,2.6386639300159045,1
63.16615826804646,94.99104531976951,70.90994252266995,70.85162575620906,2.955362007036855,1
97.67143382943485,23.453898863760934,45.96094401402737,48.47662187765124,2.391926225873128,1
94.32103851736383,33.18518525835497,41.56094898338181,31.880542531494463,1.9106761236398202,1
51.74746808735779,30.538301876364955,35.274126805731484,67.7173660330835,2.7592985864748907,1
44.16167805250993,78.07839279882364,75.57127671149823,85.15071365352652,3.575507210864405,0
46.0466800826456,85.4228263885556,37.49724903983419,50.56987955679786,3.1600305701690057,0
41.093309539092985,37.080909304853755,67.62426127419913,30.581497207878535,2.3459196648130396,0
45.6665776453557,60.46821543614632,41.170802154028586,35.73505578502584,3.838807556897143,0
80.98040640498141,87.256242240896,72.95751558350949,38.99866441355072,3.780518928122955,1
44.27131890761374,78.62412358130004,85.19517828324314,43.9918074395629,2.023370998460247,0
59.138537817625675,63.378976439347866,82.24201945157225,71.42360564050473,1.5985439628009075,1
90.69251865816727,67.22781523670183,80.86810647446254,68.07563876301752,3.3532717708769058,1
41.39631614414955,60.6688437533024,35.01779245538017,75.68638892536313,3.5690256533728832,0
88.86810895533614,43.803876105505644,27.0707957587615,49.00015876252105,3.919661414878388,1
56.911286486403995,65.20175942872129,75.91590627899085,85.91981215039826,3.724590985220777,1
47.08988965729937,75.11082416400725,49.4677771035481,36.32701289246082,3.001336920516037,0
81.80422992184904,89.86583326886462,54.58769811226779,57.52325980145231,2.825130848030952,1
77.73657080679304,70.90330831833984,22.491927423471285,84.07509772331443,1.5696026281564657,1
92.64832081162318,80.88972296345264,40.766115942003935,34.41269181860954,2.1166411171119446,1
84.10426262823314,32.805730796365836,22.69411230995712,28.789049099262634,2.649036879332316,0
88.20885582309091,56.92459795358319,90.33486180809982,90.69471741503918,3.0712597502089194,1
56.922074354278394,20.746529586167462,39.471734657482436,47.43437302073567,2.8931295832960267,0
50.64637262678337,39.73430916172984,64.58697356584065,74.70960999272256,3.3565899742042262,1
85.0368850984515,78.11693720904039,23.118345652890433,22.02788834111508,2.199417327217602,0
88.41008435603584,99.34479610794908,73.34779130445264,75.20375107275598,2.9123815191311833,1
99.4303085200404,27.934247966977274,45.84218766032751,45.28810492375764,1.7203556084769804,1
64.75706061468559,52.11954526890306,91.83353495661326,24.45926828699534,2.5341638089580174,0
62.32108514756699,84.00567749593276,91.04945511472286,68.78502092384936,3.3754020823865023,1
86.58477764451982,36.32285077031191,46.023249468939824,39.26430528585386,3.23350213357261,1
60.448212415181075,64.4067959441829,92.07687165523743,50.9445793641504,3.9766068429304475,1
95.84543953621389,78.64570368237398,99.69261387990231,26.446464982921086,2.19472781496939,0
91.5047651105807,69.27883602081432,86.03325312991585,31.773060087595624,2.7454732479349477,1
65.7396416425011,35.04197876923329,87.58970782041831,43.8381788396675,2.3238260344349917,1
85.05226406748984,48.43076549485915,39.920698888727195,27.180760044812573,2.6015077851479367,0
85.27257244508094,82.70334275883178,66.1361919086205,92.86610117490522,3.6423753246734702,1
46.187432130155955,64.33812113056133,25.38047311738943,20.48376345471827,3.2105226879712165,0
94.15317440077399,20.41836908343302,27.593434945733577,58.708817509144914,3.7061029783689543,1
70.31514234687143,80.8792608022475,99.91140896266324,29.859796650604117,2.008777770829716,0
89.5874479664645,22.824908395219126,46.13113995407288,44.61432715823588,3.683402794603595,1
59.20297606183671,79.65870261849858,79.8547129639077,94.08476478546123,1.6494056854459611,1
93.73139370977202,36.19844481321899,84.53320424214532,32.93556426191895,3.721498201092881,1
63.35210072404979,96.64587840955042,88.64186168057833,97.26658557746661,2.32268444865182,1
40.650259088817904,49.43526010416676,99.81026379217252,36.46355015915374,2.286469083535166,0
94.32291858515582,46.15452930704633,39.319718820549426,79.32528867734636,2.7802214417466597,1
45.477200607168015,31.911044026595576,23.228066148775977,63.73418119178494,3.8517254693080796,0
59.15881825542489,44.44833723921719,52.89532143956688,90.75829820774074,1.6194534117035135,1
97.0037180230483,90.13206094625605,30.406453586315756,64.31946044025048,2.3805774376768634,1
97.03642881625336,99.70674701017978,21.79407113296441,62.7647375325047,3.641429971708339,1
74.40627328739717,49.464762440547865,48.83414617131889,35.63664002947199,2.4901361935886666,1
77.91023273018796,55.8888504763634,82.69906008601892,33.2983489641327,1.9978922439926676,1
66.90673131869919,77.76567505621897,65.29445529800567,93.31913208924114,2.5619854533285293,1
57.592646301883875,90.89566243720596,45.022239136828325,46.227055908002725,2.4638812537291734,1
59.71987272219496,67.44354673494273,72.34736043941757,49.766580397031674,3.7885405036667588,1
80.35110736462231,51.32205585422635,38.561454424704856,80.78589267427107,3.404835939357743,1
85.1424717662608,53.0097472678899,21.150515685766802,47.105878593824585,2.762788889360016,1
87.4947426235509,75.64945171974455,81.14827091491419,96.16499573112021,3.9709264168039278,1
87.37708856767324,20.257461088342296,69.89944678912073,79.03422151990402,2.663193828189808,1
45.47236618292142,69.56714699678726,80.9842099600768,67.7943394058736,1.6455945770506881,0
69.66521828215488,48.43944083530859,23.11504133501325,90.4716128435802,2.1556858045374625,1
43.45352560099866,83.53578650216674,86.96957022645218,23.968472667958622,2.5901762005482816,0
72.97173293942413,27.439251185850573,69.56209600290427,40.565015375136696,1.8922565603653003,1
66.49183008240263,67.05618135587125,65.07162805701121,57.2029067376728,3.8689128158101074,1
93.26225096549798,58.4778311908899,69.96912384916253,38.158283157721684,3.4171222445444327,1
61.05490075312472,71.38604207241819,89.15465974946913,79.51241498417215,2.1707180010694316,1
47.02402098565635,25.18828755863747,66.95492052471256,93.53664248429801,2.9770113337947897,0
48.57950092317015,66.3987029942505,66.47603039105434,53.90160959447387,3.30362289277393,0
85.69063790304833,64.91876703676189,99.25433256526127,47.37060800895159,3.853197322266995,1
77.09308379897567,64.85280755329367,80.53841336548544,96.9240585710053,3.7040883729385268,1
46.067360567367416,68.27901332771638,55.383504436090824,55.58819462620327,2.787980565345534,1
45.04640836689985,74.11743497810897,76.59176000263422,59.123872035942654,3.436631549482544,0
82.0581478875472,84.39911997446158,51.138437735343075,48.13198978735243,2.9053618845689626,1
44.365780381851614,41.585657610257144,38.31003699867992,92.76387784097108,2.8817597251138505,0
89.31160355742136,86.00395281440497,67.74815015102075,65.51643866254807,1.7868548958454797,1
82.37453362938977,59.86045458107629,94.25456784911611,80.97396697453158,1.8153441450403802,1
44.880926838513986,26.164662330746495,94.33116160123701,84.9445374680709,2.8238340375561437,0
45.09026284511152,24.684074339518336,47.352422248439225,47.34792335338065,2.1721538624475167,0
99.19837471007052,46.73906549568486,62.214197297735595,54.6955465056304,1.5525922561511716,1
62.45624774536722,82.7917581689174,36.9308718855889,87.87774195250117,3.307098009750531,1
62.23852882401346,76.61447477927325,99.65048875991067,49.06042813406482,1.5812164917254123,1
88.76797403545015,83.08919717379251,98.48943262943486,83.5148106761481,2.988192102760136,1
96.83491464303152,61.38152451532875,71.96071437659579,95.27938580595497,2.847984485318286,1
99.16006382937226,55.21591983643924,84.35312477419787,69.85682984544056,3.922036726444511,1
85.2026911155365,31.796202136502714,77.208012902696,79.33018299615111,2.710532848369104,1
62.57557513185495,46.25542028874492,67.45265752315746,84.4077849632908,1.6590035909444933,1
45.010043001920124,54.72154929391002,24.267839759111816,87.60317191173141,2.8792199195161543,0
86.6288149556462,27.08803437436938,56.38114740421288,51.604267028543674,3.6027404265402536,1
73.5042549841483,37.6489562168969,73.98290417339284,24.101076734079854,3.9921232107035998,0
65.45332055481857,67.8580235250991,74.20252911069477,52.15010169893916,2.5758579342226815,1
94.38126310568416,78.85304913913518,49.849809473790685,73.90049838272718,2.3007468562418563,1
46.67184893836908,99.86780091143598,95.33535893264245,56.028030862463424,3.7666332423799975,0
69.55750625745155,94.64906650748462,33.388562578942484,79.91705206883188,1.9781053226903034,1
40.68121868604514,71.40521596281532,60.02875569724485,48.55859435749311,3.0385722875823165,1
68.11963851964758,53.69984426352576,75.27071812406582,70.77953128832236,2.5142860604523696,1
43.37819654091024,70.89418917665861,75.77086447134474,34.913584388317965,1.6027059123888883,0
47.12907497608431,82.85212944641856,71.89111654150524,79.94955493159655,2.368221185764244,0
47.05157480662629,29.466895273870986,42.02305707614882,63.655677505042064,2.163071306256686,0
78.95261812696381,52.79239117570306,32.496525494929756,36.325151083728045,3.215227884858717,0
84.7626927559254,87.18418285084938,70.87522614613687,43.35289387982458,3.8719762442297956,1
75.00212590582959,50.70663615464352,67.94416929115502,79.88869668654658,2.1701179684465943,1
97.73035290847253,65.74978169817493,34.348480823139276,58.60809885292166,3.528664847879204,1
62.49223477142225,67.02154886897586,76.41113164564507,37.28251523144578,1.6383995423460238,1
57.14272517691164,34.75810025069115,56.413759338692515,97.38169522962382,2.845302525099533,1
92.11594769136761,48.97883533218307,73.42084732825224,77.21000158535104,1.6763751592747365,1
53.41575031116716,46.76090309935457,86.98936638161206,96.57078660318369,3.835082477826598,1
97.79335236643668,22.09573668256518,33.57827428615386,54.168403628827456,3.4158782013934754,1
40.72926848138898,21.935341111308418,21.531589439746934,58.00802725533764,3.1448747780114807,0
98.19272960245834,86.53576349406188,82.32820691166295,91.83641729480154,3.5597409540616605,1
42.589594717034565,41.845664797824995,68.77579401220927,62.003947219630774,3.118799488925408,0
93.46858682188426,61.44630129910524,75.97116556976974,76.58231295245338,3.9223609929357277,1
71.66206654517799,43.898045887101844,87.0523979990914,40.173830199642396,3.2848948696619287,1
99.57788776715802,95.25433960922724,84.22487478596004,55.738117496211245,3.8116465239556168,1
44.42779388412393,40.7437407092619,96.87361175430597,29.87598926482841,2.792829730026595,0
73.23125706407924,54.37254501911481,62.874806308169454,36.478402870156934,1.7926610324546566,0
98.15815213714595,89.81842003876815,59.07965061279243,20.075473221410487,2.820444303557543,1
71.38587065020893,87.3546853433447,52.150975991258406,23.14120413189282,1.8171820701577333,0
77.76391828811575,34.88811342770219,32.29528342753636,98.18270585415435,2.9812336979410126,1
81.74492133907702,84.21146478365684,65.8085786305618,39.388295610940986,2.7062326513191572,1
67.27246388606639,56.65495093903141,42.1610019460783,73.06485676032015,3.056438494581954,1
77.6534848050438,58.637509766828416,93.70460097703804,87.12797590396892,1.525117452637079,1
75.05885871538601,30.6783977932755,66.65526434216781,64.05283673892514,1.9871012291384103,1
94.06948062945935,26.44812110056997,67.42721444064881,32.251560006716495,2.7283260797803273,1
42.72678282048747,78.23514455790121,48.3939728701608,78.24931498689331,3.876258903972837,0
56.85779137553382,59.716892188423984,24.1591481582166,68.02011280796664,2.459022600887896,1
97.02468904459352,54.948056209214364,22.53950122983909,78.50004714779001,2.5609300651340865,1
93.41582703345497,78.36065829219174,53.8668115322558,81.57972982856697,3.2867402225165554,1
67.33940516714277,81.24103191928879,26.76523024777903,98.03282941477961,3.009481893215295,1
77.2079558680922,32.71265341354828,68.54775644321113,65.8850624021368,2.247315375245833,1
56.64287097886796,68.8180119582113,90.4778404511726,47.331289015248146,2.5270409889185697,1
51.28726958342568,30.828326582214842,90.63318532149778,71.87716455201897,2.044249497143081,1
67.82190429639893,80.11000688232366,72.7236328105786,25.475256739410092,3.9150536478255216,0
61.20113368156317,72.55641250137117,36.89854651783448,91.7917854657269,1.8265859538933993,1
75.01936671105233,96.52916968667664,89.03974650870977,29.550480907055743,2.4295919614160484,1
44.66407821789909,25.516641308513694,90.88747482505666,46.22742703086546,1.564597430550028,0
98.46368845996999,24.564377692100344,35.73228679623669,85.25963045008967,2.054448729833866,1
99.17264466877617,42.57496597545601,78.99408686165418,67.78499026645694,3.4511778459503875,1
81.88970284118471,40.93645469887248,42.92156391416984,51.49084162219537,2.0029380807221986,0
72.16578198064722,39.75830392575999,84.21122498823438,57.874852750001715,1.700158506322414,1
58.571656977179664,92.50036644168293,99.77903199228821,88.36379145617443,2.6861329496113084,1
88.82770118241692,39.96369598796049,22.402080426351425,47.20035088479137,1.5249230868362962,1
81.08387035323275,41.75597809029048,91.78926926327455,89.5719747849737,1.711915386065833,1
49.75701636069348,80.7518609934371,69.81044268789265,27.050754478135318,3.5190646739074376,0
94.65563106963054,55.9791873960432,97.8706095331857,82.14387497669046,3.428683362149016,1
89.35223457539014,82.1368445564145,57.20076140211421,87.80381064437891,3.78784705101224,1
96.98799479751544,25.229292605150818,87.7910344457099,34.5454122269871,3.636288589776874,1
83.5431705033016,59.005695493870746,24.991525487862177,54.42772258977604,3.2079389080995453,1
76.80491175614739,22.68908801466261,46.822324006263656,33.23998197309245,1.630832143251657,0
65.09458217743713,25.01225627642836,25.361323020096798,76.52833031953742,3.4571215449666437,0
95.9637090012408,92.51499626755287,98.02745067832564,62.82782144493254,3.613777027101401,1
91.9638333700245,31.139629689407613,85.35791258174694,70.82586773666569,3.497705364429886,1
42.713120206371364,62.593654582017365,88.20379369967765,35.718957356496894,2.7711975882700655,0
41.58201846983512,52.887648208056525,95.03721851471154,36.93966896419356,2.082254596623704,0
62.58780201268297,47.78746610070741,26.80827888958283,23.319786040792508,3.6133249392218167,0
88.63319984690997,91.9866676549818,50.84780740106667,45.765402815658376,3.317907024350346,1
99.23656775889667,21.74587174203916,25.68279112352017,64.779572906694,3.9519029359721287,1
49.02501346621169,73.10317489404713,36.86344812400229,88.63479311978631,1.8892314943898323,0
75.6478429211281,97.07155473708403,38.34926216301379,73.35419579669446,2.0641614576301377,1
62.85345139786129,64.81345467694736,57.528576883806295,54.83170587198011,2.0294953747037567,1
98.19486386887618,94.94579696264735,41.48497339629141,96.24960915153102,3.481349419053342,1
90.52713538814251,24.1806303428819,28.078248545420887,77.53961604606656,1.9672682411252955,1
90.29972228266827,53.50346552593291,33.399287127528616,94.41321622900401,1.6666495745582652,1
68.12158958769822,40.81262327696409,31.782045084167272,62.20703786177325,3.9964020164640717,1
64.8891701402599,78.46567719845838,97.84614383298387,40.71234198345117,1.5620430286128728,1
56.40442431584238,98.50376723977973,80.7434005534779,24.22613490917776,3.588110150397164,0
43.382529799055625,40.52240499553982,97.42091722156496,78.08678811870804,2.413417103876632,0
91.8833425753032,72.33396811792596,55.179238920632685,29.70423984044273,3.604038649394538,0
88.77406054780465,35.847810620779214,42.26947853301253,44.222010261757376,2.8865512280278622,1
99.98306039716783,65.22642036572879,83.86345577673494,62.59767263071179,3.7540780737159003,1
99.79821022443431,57.114598935066894,46.10031344329174,65.15332702237981,3.8154824660365665,1
73.32590233615764,97.76042637052296,43.95066989642786,68.04665575897089,1.52274545320194,1
86.13924491083063,68.68218181571733,38.600479376626495,33.30042642797605,1.6885304399819707,0
96.68594379294568,47.960509766945506,30.37431825793883,50.3789923857319,2.125896823927139,1
90.97884344064468,29.12766279103467,40.51704488134128,69.37553816935733,3.173288540908754,1
54.84088610459186,32.09974629879476,48.42557987791102,97.58550917070278,3.720680491278765,1
67.03264811860561,38.025354396098805,73.91953665165843,78.2104910159751,2.649854878234907,1
47.7495649090897,40.07733290722384,25.005187377556126,93.80830056751662,3.0174327906856635,1
97.24306163552333,88.04928462729103,36.840555173227436,80.97696466513416,1.9712496319889028,1
76.3704780670528,64.89782306260199,84.72189122333411,67.33735751139204,3.5124170847042135,1
53.71856833020776,61.87127290994931,31.75375388670166,35.36186953090756,3.9183202783836744,0
80.30204106435141,29.181509749537398,47.41161172180172,73.33485215140104,2.171497332286494,1
77.08769442747375,88.8111754679548,89.1727137486512,69.87036527679257,2.737064879001366,1
61.48976308197043,77.8251442566787,32.39402489147541,68.19753363658131,1.7152902762659346,1
46.81345553197774,25.413468952000127,26.61894684945519,59.18286943905926,2.897841641157421,0
80.29439173556798,76.62680777838149,58.763039606400866,62.29252831914205,2.7569586046167016,1
71.2184620542276,63.483057387411684,44.19356090228291,46.755402169448324,1.861091210387694,1
86.33910350413836,26.538027659742262,65.07266915870832,61.545015411384256,2.6051655327951875,1
71.2098100667196,56.664051322292515,84.30439123867801,35.80447245427826,2.335261630216408,1
91.1308900191124,58.775702970403756,30.971879052219453,84.41395178883015,2.8045771882629733,1
73.11441032646914,33.26196321306206,66.45592676434279,34.862156375896625,2.9641358385719982,1
73.65627829212318,95.65585176002259,60.44070083118911,26.79730319115731,1.5212389465180238,0
92.5992161595007,87.99802971845295,31.526302881055965,54.89968210857259,3.4025149573738886,1
64.20897197274383,73.52178698632866,69.9198788423186,72.66459516048495,3.2825357296543523,1
48.04091370703844,56.98364488004857,41.89123342886173,55.01734599468331,2.4157159655163056,0
41.72696057880034,52.941243326760684,59.026745483521,42.140330556104686,1.6323398389220456,0
85.30823534041714,72.07787737207633,26.58178594216495,64.65369471123526,3.387331349462626,1
77.21857308120788,63.634549552552436,56.766724577089846,47.760186832976,3.8879379011953312,1
82.24478608595342,24.98184847055085,44.51707744342563,94.62941521013065,2.1003789900550354,1
52.777849690534644,61.000211901626535,85.79049689482835,93.81161116828576,2.3088115343425946,1
48.18228853520618,84.51228937862716,24.558298159789462,60.18974559776764,1.9595322237045374,0
40.87267994007291,56.73919020775664,53.4885819934664,46.230719521460685,2.942340308362099,0
61.03525352839582,24.156526204341475,56.67451393051504,78.97059311653112,1.8871034866186374,1
75.39506121127798,82.90225595072265,78.00048610392949,22.93703547864533,2.3904848586534486,0
63.53464270598394,36.10910257087795,65.94300600721688,57.9815204834921,3.2425325348356573,1
66.24849532142375,40.6896667910431,73.37698697553449,46.90587154162668,2.9002899575233707,0
94.2495216696249,33.17650827458367,82.1639428521405,93.64287080820438,2.4661564108198384,1
60.89532802139802,46.4172051897198,88.9762378926551,20.960242181814603,2.5506240045188546,0
70.83936934958865,80.5401204550908,45.11003973779764,64.22519005746793,2.9052772065580736,1
87.01918076446859,61.550868760314984,63.04181642911224,79.25308648533007,1.5146618197179031,1
63.79256693927621,36.390501932057006,87.20864627513599,58.8014390019233,1.6962746711340246,1
77.32520201367241,90.22640625216327,99.15609047720451,26.83224241301773,3.703145169407529,0
91.74182252480472,90.36654839612234,91.16154488350105,97.79691120223218,1.694697472728227,1
96.97123741945853,89.64627400368056,49.717381009950145,61.44083451008783,3.267008990526263,1
48.82440885574228,39.10369691052314,35.613321377492035,69.13489954552091,3.8000954102726316,1
95.59525750968967,56.099147534479044,59.151402992527096,38.928782616600586,2.176709010754328,1
69.52697758477228,98.79917249127001,79.33131614688338,58.679846808544305,2.4262285926487857,1
55.4946632979375,81.76099810479923,59.405525660263805,54.33195935666575,2.922303514611791,1
67.54814537429567,22.173393698044784,58.65446906509348,25.9916673601587,3.7042724240964615,1
98.80195451712862,25.216367300839366,87.05843368654405,28.49282828379738,3.8547639681510506,1
69.55708563957218,57.114510144986625,48.91230232537491,86.99780156950196,3.3489081202781703,1
59.72509661725049,92.73761646892481,88.78357398493165,39.18559617652722,1.7165494021367351,1
78.00405125900355,63.09614383621714,52.54438407613789,35.59666171989044,3.172885388837127,1
54.408737126691584,59.82500064274322,46.25864845426715,60.39291610001114,2.525759304681655,1
44.551799686519836,28.437895996530447,56.31919289597592,81.49977050900104,2.676752498727654,0
47.73278331463895,72.54240837794353,80.99575669398948,24.955721486319035,1.6228709758629427,0
47.682750337466345,85.76825284801804,30.080162229119544,66.14463357106047,1.9776553483658954,0
49.11416161073766,50.43360060060499,35.71353726976139,29.53683542724587,3.4762840188341193,0
48.32963035896461,82.0489480740262,96.11558605304735,22.916884066049477,2.6348970826196494,0
78.45248468819287,97.15813231206494,34.03933019050859,24.219516172977393,2.254155604077872,1
50.91280506394869,36.30131673021513,65.41818543448437,86.7331286566753,2.4600476849123956,1
60.740036999431794,61.866370495579304,66.34515733295503,29.437798690244925,3.6359987833142005,1
93.80730459436072,42.971036646766045,59.16995696401958,23.612109152983358,3.3724975435123925,0
68.43769841577235,83.42835352270714,71.57961988614548,55.03199097143298,2.180788492952707,1
80.05346431126162,66.2074692704926,38.386138063809476,87.51947775536198,1.7937546005309333,1
50.33919227209779,70.76659340402429,64.21298142213985,40.99267011914415,2.129995554110179,1
51.53734112852025,83.83313276927153,49.77386041975177,53.73700940207331,3.8018911276368343,0
42.45211697598873,51.677637812996394,72.93338077033512,23.193802605100096,2.9539720946243886,0
50.136103784329876,93.20720547256346,31.297883469851957,55.92628113079007,2.833700521861957,1
56.71542034191752,62.6423093796912,65.67019334715809,66.2090464509707,2.9909839992311538,1
50.62062905660481,32.63638582682784,34.821628430665896,65.67256430017159,2.4150706643662883,0
45.322152025423335,75.67192945350419,42.29144504920291,46.594135373949214,3.517767550798782,0
47.238152266036046,83.46090803506036,37.496784025886654,45.24265445305084,2.8082156232506246,0
67.64672608196355,45.34093416540213,34.62702238950537,28.52988951492783,1.7918697569219888,0
52.38002310434755,88.57434055990024,86.05687612485336,49.34386565170147,1.8226628120726573,1
61.85619166288453,92.4914603812613,42.856605412871225,27.95957350983717,2.842147866256546,0
70.20503625129142,42.15235899022471,94.16990254915595,81.32767557696413,3.8414255451770978,1
81.42368971776192,98.68171781721776,97.59412202761527,97.30194381985487,2.270880304190497,1
42.358728390465934,31.256922243900675,65.7008375949678,97.60595653333655,3.6738529221480456,1
87.96462393454256,36.1612534721992,31.440089813258112,89.2056879500315,3.4102389664471984,1
77.67402336945446,34.73798713904209,49.9638594703665,68.06337194716953,2.1195311072672673,1
44.905541916932314,91.51917680062964,83.81858106785712,76.0692557795104,1.590851870790606,0
92.41471744640663,72.34340418599695,49.39125829576564,42.816464214433125,1.754618162855957,1
95.25234403190879,32.16834265778183,26.961377464223098,70.46163361380965,3.3212348346186005,1
43.66467759129183,55.22587346946792,64.54279287425504,56.451963955190195,1.9991743451016166,0
56.61265888883222,69.22384200558416,87.60966811968278,58.561387182154604,2.428177301263484,1
88.37207678758368,26.677126799150663,83.67411097148019,80.62212483001264,2.7542479150160624,1
84.89558142301951,90.5933094725871,34.00985121042826,42.55346844778013,3.313670421125407,1
51.07126116138264,84.28828283532282,73.82116915299733,45.44316893556159,1.7830780581478134,1
52.56095940020262,60.41654188613106,37.64034107485177,93.97134329029093,2.515916013193654,0
62.22832616748292,97.37012922073363,37.45660276417378,24.49794358807778,2.7126822728567386,0
69.07137911146128,53.420878342007974,89.92574186441482,58.85074387306723,2.8520676599288493,1
77.09528629181776,98.72882552291982,39.97351621921841,93.02406403262894,3.5459016034880415,1
62.134818374186345,73.43359990429016,41.0597877214409,68.82904062545256,1.9291954876080424,1
67.75208296798887,70.77370186031531,20.052271260903964,63.71256593697056,3.519578629566556,1
84.8482562880254,33.2763916236628,89.65352273004142,39.979534338348415,3.2321960692416303,1
42.20099217343587,90.55422066437151,83.40758505673078,47.46203912515586,2.8896770354973986,0
55.146216660641244,54.19917503364921,70.18631480725423,88.16387326437544,3.2488196760064296,1
82.80097515307315,32.97867246259835,80.02126111510738,64.73745054147665,2.5300443473791407,1
93.71241026123195,21.00860159806072,32.16388539395935,61.17937550054239,1.8459939649203114,1
70.70064652693996,64.7804546910706,56.66588756700604,27.966377083202314,3.164413100663418,0
71.92680911591894,62.19196976981411,48.09755098790247,21.282252516409848,2.8116807667140558,0
46.430320680386565,77.54828978953269,27.50212210056132,97.09481509496393,3.0984370013569387,0
66.84474200940727,91.22064424142417,58.890438817193925,50.15889338294733,2.344996952571225,1
71.9570359873014,26.352526771442363,93.65917202741083,68.25704496796035,3.7671664433495895,1
54.54823021808378,78.51971922722899,23.20472952405556,26.377205854982797,2.9684246714389424,0
56.15459385696286,34.99295552780658,43.31687307950351,74.64914285784373,1.7135062107271846,1
62.63704978627736,88.65416425257311,36.60327489645628,94.60533669647687,2.624509976761072,1
41.20427186666358,85.52508110893248,39.051732293255704,66.05322023979357,3.3908901368590856,1
59.3247499349907,63.26350039884355,92.67476415035003,30.089225790032845,3.485336404330681,1
52.68688041979268,76.81942388986492,57.44552433874321,66.53772219787814,2.736492631909397,1
59.64984113067488,45.14800905469987,57.3039530351855,81.30777704837219,3.7368689270782527,1
47.18572790915508,57.69343191462517,80.84605139642258,52.51332292592149,2.169171092985744,0
93.4316368443937,85.73095181683773,32.35937632039406,90.38701983531743,2.5264967430956666,1
75.61554721324292,56.741215773857114,58.981228328004065,71.89463626858915,3.7464922764224253,1
80.74613914866939,48.623861226035345,54.39881712968478,91.93991346313621,3.7406417911789474,1
87.3502743164403,59.53699578002399,67.75285524373248,69.88042489978697,3.2142819220617023,1
69.90653193574343,86.25994019497747,99.96461626003509,30.503037760385936,3.6474513678055502,1
45.21521728524542,46.81664378966982,81.55591152656376,44.775336888415126,1.7219331673905818,0
72.22639250911287,33.900927450859506,51.82925624139418,36.143595860196555,3.662487440519441,0
75.21046708125274,76.96112162646246,86.20424418192376,92.70611981734899,2.301549766375567,1
84.7263684510598,86.07825701664655,33.65666906499841,80.83200538299862,1.9458287810705408,1
65.89957277378076,28.050998281882666,22.43709490471681,74.11186951280048,2.0984245908551156,1
47.65481816773382,39.189929020475574,36.35586979714184,44.07730557052973,2.5449212700347177,0
57.026554347923465,31.357759180879512,47.23292448914077,34.723581764017084,2.127980011511168,0
61.78493778391811,47.83531292657333,60.84646059676479,80.51608703911295,2.3014189650412478,1
78.75503447989607,56.02807831243301,69.21033124329598,57.93263567032638,1.8374462151791051,1
74.24669828013472,79.90610695706451,92.84845737715374,38.06316417205033,2.240441913897496,1
61.36580355387078,72.09180679053392,60.78832076403661,69.32975825322201,2.930709536355003,1
99.19091492757877,69.67428539827449,60.10205157005835,23.226708171076158,2.6046342702276597,0
76.34648916141323,48.18999572877235,24.01944078583857,46.09362033026028,2.366796903089778,1
54.233607504159664,87.3158042467808,22.792924212497905,57.48455956729077,3.366130322142785,1
46.106948357224226,57.70297339185316,64.09279695330977,31.83666672875247,3.7337749284832946,0
49.171548351059926,98.32839504121236,55.05428905986756,98.77235820726716,3.3919730572559925,0
54.757463703070485,70.73137106365894,87.13443159842389,36.72778916716914,2.330001755294198,1
49.64088239557334,30.101179325160217,32.854366776947614,30.42825040346124,3.3611054195938843,0
51.19402144307834,74.09420496603472,21.997732969363966,36.28278991095171,1.879950456185128,0
57.10571012163082,46.00832123453592,55.92310143441007,81.52489065277794,1.8257949702282272,1
50.40241571768529,74.9061757348878,38.9982845401806,54.04045274174742,2.3640675925903976,1
93.8059254775855,25.57129185299246,23.969149867106996,65.23327518020304,3.5192559226101423,1
44.81402473969853,33.99051497407675,77.96786294781032,21.680732558908858,2.1158706181057547,0
71.47068337421528,88.4589807124629,28.9274399965798,22.754504685865165,1.658133522246699,0
64.6238096193797,38.17436456188119,68.66556000062174,55.66604398616129,1.8292738380158877,0
98.94271701451638,86.9632900194352,42.48398001335113,85.33241945612988,3.6468624213239504,1
46.72233413008314,42.34208707635283,33.87968402840176,90.81911029660522,3.084458211868219,0
63.871335942744494,71.43055280469662,50.380121833545395,26.936525407651217,2.133002908424942,0
98.16822599652212,75.53204588078648,84.11566209783629,63.06904816808182,2.8882395633204534,1
91.93042755363882,61.012380251604235,51.367486152365814,93.05837490234164,2.818949056063376,1
89.02432425695679,44.4248541357385,80.06157193688446,51.03782035183091,3.138589946101653,1
55.474169622696394,37.01155010968769,30.038903743932053,86.36526651426949,2.082968886054041,1
50.25325524340395,22.655148364994098,81.82171357320632,30.695652351954898,3.661007467985994,1
80.11859319546586,44.31571209925791,38.95466599253189,94.8315591734239,2.273421405200032,1
95.76255934765516,72.25302324250265,74.19145039110983,80.11386540250422,3.235329134940592,1
73.40577358083578,95.06438547587861,65.26252438727971,95.30675142295213,1.5403116159305372,1
74.29676136819398,89.69635858104417,94.33157737693499,74.12937868420052,2.431642824735368,1
56.79874561961705,81.28518212282421,50.98580143802512,49.07231455995416,2.3792745448970205,1
86.16957599151621,83.0757874602639,25.293215106755234,95.0544938019778,2.8587110714575363,1
51.2226249134514,73.19879227807962,21.532438844100234,42.045342104734274,1.6818406544429911,0
59.42075418425462,40.82294860528024,86.14868487782024,46.5738017649386,3.475328434315271,1
65.526186316985,92.57560245646638,61.978851012914575,76.06467344013922,2.0444520044189214,1
70.4566227210673,73.65858495246673,82.01952414679594,81.22530396203089,3.1925945372050255,1
54.544583944904815,64.8352504784352,38.75404800092117,94.3522787079323,3.508030308110233,1
46.89020948435221,28.879157537078484,47.6066996410587,36.38419272449676,2.904692390603783,0
76.63720254649795,55.764443504514034,22.408309776905515,83.83984281753791,3.3522080168049637,1
57.31783319441534,56.8286616961541,96.91938596592897,79.08368427175708,3.154650780537514,1
74.87429328535674,89.16508876181359,73.42943253606506,25.10356450028783,2.388824492880019,0
49.26176291645214,63.731857615023074,94.6564070207445,50.97785129681655,3.5221463475839134,0
68.86840611128905,50.43204391763277,41.23971259432579,42.62123656480789,2.23675342471382,1
71.95536595309515,98.14402628085274,68.91708889805287,44.359233948322434,2.928032294378793,1
43.109412209345614,28.857647466105256,74.27999746341102,98.63575036437607,3.363494347853849,0
60.196256691635234,53.80387426495557,45.403976020607075,71.42219307839423,2.4473897745312687,1
48.064880616338456,23.361974013712423,87.8487388012504,77.41409262347997,2.2569190190435626,0
43.80249822836606,79.19232966135442,95.77291703201982,98.12941098520074,2.6483650254320565,0
99.39761394339672,93.44612417593206,90.78840941568035,50.17614259661109,3.544908735872884,1
59.34123069848338,42.40298636403915,79.1253580751498,84.14721347622448,3.824804407864162,1
88.5924667512781,88.66733414392966,42.19717437799632,54.76247706435963,2.8627085321497256,1
55.27843928582583,43.37745843695182,42.529283368450535,89.56269374519837,3.1536655133091296,1
80.89016333343577,92.86161293151322,97.06882563568303,34.45260330490426,3.7581840555972854,1
85.61367159338118,80.31695228774271,20.822759674855362,95.81489416514236,1.746367128532356,1
75.73832443647066,84.39254214731508,77.28399785937157,37.50173667287037,2.080196444665413,1
68.2945713130095,21.44052444803636,76.49969300442098,46.097640558474524,3.272250015628956,1
64.71045484883611,97.02482856592208,69.81516327598379,80.49537872854245,3.559361154780749,1
60.93209599257972,78.13367936562585,99.20870768694927,51.500411325232534,3.6425725708264447,1
95.77174865486955,44.380087630890664,44.95035486109802,68.65691014131573,2.5377679421373314,1
89.83716446726375,86.35157318870776,47.197749103459856,55.565880085554284,1.723349755729667,1
97.90161463999075,42.521695873194396,26.315152235724444,79.38959496718255,2.59445369324905,1
47.45783340913268,89.82030716529023,55.423850923498996,38.266500189488866,2.0768364755176343,0
83.85204851221866,29.00643123295496,40.88388209878785,24.67663897895016,2.2279911374915606,0
96.30042740926227,76.29487819686366,47.47093617421154,43.9943517978453,3.4306688920937645,1
50.87398396993961,63.25587813159282,86.76574322045022,57.94469318947442,1.6888177150647172,1
43.98977604200665,27.722757615635267,94.83876108219965,33.441604175414284,3.568953043701755,0
84.46723895740354,39.35150626070712,34.85864576041485,48.383783172511095,2.5691727145604224,1
74.46838679079471,20.992322902185183,49.80071452427727,51.998641463485484,2.9901598277514876,0
90.50972660549633,57.50143723716047,94.29044496923153,24.591347495061882,1.7241305780891976,0
48.38634259757737,44.10122086080003,24.94467685513781,66.66457985473636,2.343397695893199,0
87.71603871159341,67.86859874382071,27.38884224891028,90.747474237703,1.7242522975371144,1
52.09763920286467,43.77902461668938,33.023279136498346,32.13943303624419,3.903859307202774,1
49.81935657194227,43.993528920558774,67.61702673014997,67.82464107212112,3.518154123315626,0
49.85594787585958,79.45545589852827,32.037781680479796,73.1791363928677,2.6490818858911505,0
88.87448321388293,23.851426878268278,97.44611051605868,53.546774433543064,2.0590063708091777,1
79.911833241772,92.23159961535897,55.73716218068163,76.0878069891416,3.8336377631246306,1
71.38392548614716,88.18110995129452,60.12143682801331,52.85852347928096,2.3614914893174292,1
61.529829047410146,73.42437465811253,39.73268926443252,60.370983038194794,1.9024610792184369,1
92.6320324487865,67.45772560859075,57.67682019477868,20.58824356435416,2.9079109711348874,0
63.546706445358126,91.38419985117218,72.95309061096091,75.3376091307751,3.85943530086204,1
88.99596636829463,34.82641436229716,80.09417095632342,72.90741431557795,1.5095757262508065,1
66.3480945142131,26.31753297526629,80.30944661679304,23.072070186107567,2.095312108134997,0
62.61666576549445,39.16081359276305,66.23128901552707,49.460008591610645,3.846119101026019,1
67.76078714017639,83.56626229601522,92.34878199950857,98.32254726333339,1.927714917142905,1
58.08267244984852,22.773621338118666,85.39262778448875,53.658925005489344,1.7831086290995497,0
84.85656281057507,66.62454680667918,80.56384917589003,60.15563241054734,2.925468039499511,1
70.16322340554875,99.63500129530479,24.448441734436848,92.79441265277748,3.6546095582370746,1
53.93276170880904,88.45568750700315,20.550236977571945,77.3809500692605,2.6927745442348154,1
93.97447439647411,61.71565512348715,36.995782175637835,66.56561048993788,3.986410641711312,1
63.033473282392684,25.091272742931388,73.08188751307618,83.8243745072858,3.197929248844982,1
72.61317166683932,86.50988115085678,52.89579911060366,89.14930131647786,1.6851872680261193,1
94.38832665787282,67.91828065417684,52.19250074394494,56.55104573898135,3.9820803292049383,1
77.45427975483952,29.19463976476535,90.7669510583691,58.00866919454683,2.519735591950476,1
47.013882442501846,27.508582785868498,91.6450278505471,50.88407485214687,2.218506334613706,1
96.3899274168085,92.7701455549274,92.73402112428685,97.33649120147685,2.8946979589447137,1
77.66248318428507,73.53602103504628,45.11024612120218,75.77330034322803,2.260768979552161,1
60.09433687942517,86.34294394534044,75.28446501914094,26.65784529664578,1.7161437678003808,0
48.35632435980324,90.31831202258138,41.73065450194957,89.03676986504148,1.5035708576979419,0
87.64151135621776,65.74178816386578,35.24878664595598,58.444795266901444,2.623958382300656,1
77.20436535571082,61.3957081404033,34.77059658778954,25.500312513798995,3.592158555566481,0
72.0076655185793,54.43419282567922,47.36860966908752,63.977380413064886,2.9307879640751913,1
93.63355498305745,45.355727023289546,54.396609582385736,53.37314231805617,3.998018247358602,1
87.31583267347185,54.76767686869694,86.47593368440548,90.21995238900999,2.217116614118,1
49.100492783965066,81.91037245841251,29.59128747781697,36.319568288750986,2.2011376619001384,0
58.70332406773289,68.15387448121052,78.79406779159154,86.11716875937464,1.8993736505848604,1
54.90934838886794,91.4018631963877,62.516393135144426,64.61509529483621,1.910158970663338,1
84.63677755436062,55.47040115033502,43.0356274140794,24.368824257077524,2.21296649002512,0
42.011946084146764,68.56716629750032,59.42556676262597,97.74762410603877,3.482100113183818,0
74.193381092279,70.5046042473591,43.99536558216181,61.009219528256,3.76439197659112,1
85.74752114444144,67.33577298450604,67.68655641906449,43.270148338526596,3.937717924269203,1
92.60593820570497,76.2107018468413,54.707513828419536,57.55254735914065,2.0807241352411316,1
60.52490492295445,38.9946774699845,33.1524423263103,88.62862268139912,3.703243864035229,1
89.27543828032077,60.98910220366325,29.326645964455736,44.39224995080508,2.3206377231933426,1
46.63790421731243,28.337984224667814,63.73565456577041,35.41411171893603,1.782101361292211,0
90.7871375040711,50.760906211585,92.19304266288827,30.325699754470516,3.675062313800414,1
47.649319739918944,59.01336548970115,47.51661492461484,43.8287518712169,3.0902640866090465,0
63.837237433622036,72.17794076363779,78.64000857780985,82.40384696320348,1.9118272402026544,1
87.83772194677321,96.04248420689628,72.69290839518135,57.730109215620935,2.5745781437825066,1
48.99504564092643,68.05208532386847,94.52439314475848,38.1985282954832,2.218144237192669,1
53.75508371395849,79.48751329412478,85.67848138393127,33.294799968779934,3.341986421775492,1
83.33515410358397,60.50128475961622,65.32842071243704,46.61835812083033,2.6335405765606703,1
83.20219219276447,70.72832251010651,72.56243985872858,95.19394983085671,3.9731998627659624,1
78.46885797311784,25.674577290701876,91.87091732672279,47.44213700720195,1.6368624556489877,1
81.636906668026,40.35132646734776,51.96150276695478,99.04992607637082,2.387538165340617,1
72.56346660085578,48.948247456411096,46.143576468622186,58.818436461228494,2.7047504177749433,1
55.10794353441717,57.799468400521086,20.86488669081571,34.33311346321207,2.7578338868707997,0
60.741759610235164,23.6518996401907,86.12408593531714,91.29120734348075,2.289839555964092,1
50.89586300808554,31.201927804265416,84.07845603226919,56.82842985078615,3.32310062274392,1
94.5070336800177,42.14514462330446,28.35636144801211,76.77370748036196,3.686867683722437,1
75.00350768596724,97.72261527208406,66.14859049061602,98.69692665673215,3.8467982549446575,1
64.0510850058184,46.50776056824406,57.11853585335099,24.01402802559792,3.5127334419988157,0
67.72034821864796,58.5632846489666,29.496727640728917,27.735564783005373,3.6264504932664985,1
96.83700037670891,35.68781701907143,98.44545816485788,77.63653931702049,2.876363251549989,1
49.20108418696481,68.86240568606146,37.17567099706844,42.54600026363776,3.5647205660670362,0
75.17378992100782,42.45465724127794,25.37873440724489,34.744111756007925,2.2587597728698805,1
70.35332073306796,36.55940627507414,67.58779036015277,23.14895038557836,2.496196905273036,0
76.68725412607887,61.32581027567832,79.10933417064261,21.747736958896144,2.2922825345463607,0
41.08661102925043,20.440463932833666,22.595475683774957,81.95884824958327,2.668468338619814,0
92.3274345366491,20.613122611938024,72.69741109816178,30.754674189564,2.213949040596591,1
95.92709694901674,37.52550472814862,62.58335007611635,57.41764927769207,3.904028605636117,1
73.90799101535254,22.93770900006569,28.261200710003873,68.47174521435863,2.2821115700141705,1
81.79904943261354,28.64206033045531,33.80191015570897,54.2681440455077,1.7451113452773495,1
95.34996287063774,47.10885194710013,65.43794378528645,22.16853218689865,2.8170429151260334,0
82.43431805880391,84.20685436638503,43.708609081063074,82.6801202070327,1.642747696112941,1
49.15234257485568,65.76389146954406,95.06525829210528,20.84105796333228,1.7763579157714513,0
74.57730161000879,61.01341807651331,85.49921835872406,80.95119155019873,2.048473472990616,1
76.40290278297135,43.47910585664973,98.68537652109305,91.46435950304982,2.660875624705354,1
65.44784027814316,94.54029755462531,40.77366711603312,54.62719368457378,2.5831273307725695,1
84.18665413748337,51.76120329897533,97.57789062383816,62.84339784782386,3.499229655006978,1
96.06202088614089,26.96742134366172,54.498709583324626,58.1586714094123,3.3486866347102833,1
95.53411077440657,69.3653212894241,47.801503625100366,51.1366894898751,2.5657957349767533,1
67.05036228424792,29.107071478128113,24.02796215754826,90.99396282962883,2.334260518939075,1
46.79428275044532,47.61785142413537,24.221220628768208,91.51468085359924,2.2911719601537466,0
99.09047193774008,60.592955097424706,75.36090047573238,46.865309171322764,3.4349877182350226,1
90.33388518675605,89.93780197481406,56.63431955472223,69.20558032117583,1.6301810155531744,1
47.47976087219601,59.48372642720949,38.121730082888455,94.15260497166913,1.5320541237765146,0
95.25051295704233,76.18070128253314,69.11762450601861,96.96467991530812,3.48886097981662,1
92.1937817237277,99.42534711992563,40.228649460008896,60.7167232337638,2.692865939972623,1
71.13028342756432,30.519129591838528,66.2105403475538,56.225984422746144,1.82720284638394,1
75.47652614469575,41.97852204156156,48.73669975861523,42.29554527428206,2.088914836486253,1
63.94016223220781,51.56608604781171,85.88417812894552,96.7097498552328,3.8312598827434563,1
43.28569832932188,53.74625428310651,85.65569286134235,31.42514435782939,3.648757439062245,0
60.11183449875406,52.88168602124366,58.188031849792104,66.386366083818,3.2744626255599316,1
88.17120691588069,92.6088802045244,48.06552874680125,42.60402140149111,2.7055630758433162,1
40.27792138027617,77.1226115573485,49.00478372472756,42.32066322782373,2.8008090654784645,0
60.00995030146865,68.6324171272563,84.45716205345744,52.397486990095075,3.9381113382098967,1
63.8901216154566,44.74981742902257,46.25435862380896,99.90343486525236,3.9144261097107176,1
72.24373617627538,85.90323073770358,36.72474989654768,24.397304547185765,2.0381726144645858,0
95.19133698476563,96.40484091879911,26.775067350024546,66.28334545628252,3.5277614157632953,1
60.780759661957674,85.69586260401812,57.33544967075267,26.605772642822174,1.993106665417542,0
60.81719211377366,20.125208415317832,58.570567913587354,32.361666399241514,2.0338436947098786,0
84.25007488658491,70.91210961467256,87.27269683223257,55.165035341831896,3.190232585411442,1
67.13307645338843,24.090830515368058,37.69909571568512,60.836810507715306,2.512502746468871,0
53.47628937639892,40.60857762669775,50.47930189347199,40.70339266916192,3.8288610177663003,1
67.1463709679616,24.761976027821735,84.67245911149527,45.31657046995329,1.722524337240022,0
48.45142122278799,68.30363623595102,85.88988885991787,26.957361620474643,2.7788141020237327,0
50.5832191903734,74.92719307940854,50.768886078301456,44.25758270754004,3.796303826107803,1
69.90206636436878,29.159011045272408,56.729921862934475,97.32467515044353,3.760284151198763,1
65.13552697027288,50.707110643598355,44.262871267942636,95.57659053379854,1.891323033539353,1
94.890754064086,56.498920716443365,94.60439027354496,46.7902632109588,2.416594250241141,1
61.74363394699799,49.52424174087333,29.491501259326427,65.66831490230092,3.0478035001167405,1
74.8353010166826,29.682000038815445,94.6999538401176,92.76763128887555,1.8984872119285054,1
77.93585727517183,53.515823214998036,74.70931614682746,20.494705811271736,3.920055430114347,0
40.78566739530002,80.09424382467344,62.5257722149385,84.85468562700734,3.786873321819151,0
79.81224232100263,25.680613162660435,22.61272486275967,95.86956422311351,1.9173754475861728,1
50.682158012185084,26.414401126552278,58.047695345760665,27.306058746684563,1.8028886531524635,0
97.66421904816731,48.38170334687874,52.61984840021859,32.91581488263368,1.7135212070206634,1
48.91976366518678,95.33805692951401,32.897504958009804,96.85970422170843,3.7736091600915778,0
64.87744742362142,73.48581173783313,72.51276828005255,63.0032114912277,1.9840595244886519,1
45.12098008471863,74.29359653380519,97.69207258946287,21.135730757737896,2.540712321360887,0
99.81245511075684,48.9535992670292,64.97510488516201,40.61055990108233,2.6221284141300076,1
70.13170061987455,67.49286329668308,77.18026211551566,55.99549394150877,2.997527610533919,1
75.72310103920262,20.81049472221947,25.476036205281343,75.43271288198142,1.6793383593685625,0
44.02458864330565,70.88768371276338,53.41335966535958,78.65283025094396,2.06689654350129,0
84.99762822395067,93.06295580609894,29.30867881315967,99.63372103403648,3.828725967297315,1
52.594335585735145,69.00587746758553,69.02366684292083,43.00089595070072,3.7710252681714236,0
93.88325736644282,89.89588747730761,95.07857265713237,63.05760814947802,3.4532266185142304,1
52.308378428920435,77.9178444372875,72.94221859773108,62.6658838287684,1.5485031140455385,1
51.441263239819996,29.644673312295218,26.144243865153722,52.451620755779004,2.317516921240255,0
42.192980070885696,92.19626458286734,48.37329639880663,33.53295150739362,3.06989683835727,0
68.32401670659996,25.31550754846199,64.05307035526812,98.19652505470741,2.187975529433689,1
73.89046799575698,62.7173978038211,52.256620490660175,88.26537493332688,3.7739667376344435,1
43.94251836570114,31.370969903476613,86.69152083801379,59.86664226353898,3.0847236545811048,1
86.53165700170064,20.936528858472325,85.17368037679914,68.25963381472238,1.679766793291114,1
67.19733008488166,53.76274081021112,68.94648160825771,38.180884284772986,3.7725139720892575,1
71.4634161596548,43.6032566123325,49.87663561061642,63.50296563133975,3.894416645440556,1
66.44576481629369,58.88003950380824,40.42690990105953,75.59761064971806,1.6942810459793138,1
64.04578365251956,66.17599093876407,28.469945457050343,61.21336227092711,2.8309005871532875,1
73.57841987849307,23.499125784715787,48.39181467892432,99.2228136467953,2.258410705535426,1
49.31441475584275,29.84026360989965,53.053801376617564,68.9073324998181,2.482097691203506,0
50.91568782971627,64.69139171603402,74.06583400832588,49.677897007373524,1.9491280448883548,0
91.70713726081104,47.45338825381266,72.65278594380588,81.77216220926705,2.9451802550310315,1
96.76692772801796,78.33387900395584,25.608651171300558,33.637000926531364,3.8949483831222267,1
62.398558976785175,72.18333188735517,51.620745234492624,50.76126509650132,2.7576815006790225,1
56.244680388613226,87.64834903919254,34.54230937738895,47.75671603020687,1.707286453486203,1
78.63997259434095,75.39942613353801,32.54501642534446,54.54456760862218,3.050003333693521,1
64.52405026588579,54.394486191211854,86.18417197897968,82.54238607429811,2.3505574861281424,1
41.52318133962069,73.8373297915546,23.353217337300602,58.73384257307259,3.6398129739782448,0
49.36915584197142,42.03049394043348,53.534630072169705,83.52115602127702,2.5866953707911753,1
82.95833373084386,44.505079902257016,33.45629246132145,66.11911225118928,1.982099022355614,1
79.53543651460907,83.11881279366347,90.34641725427792,47.365554772604426,1.9777640567278625,1
41.62575955020901,55.71356131212657,64.56324106200282,84.79829949467779,3.421910451802901,0
53.318329715976965,83.8704272414682,38.51045091014784,39.06317364424733,2.1639689957684,1
53.86448779528428,85.79378989346228,60.19418297331011,37.95063838398364,3.4180834853980575,1
80.3135646159237,88.6049870129027,78.51890877624926,60.36023392438686,2.0147182769164984,1
41.18263226526185,93.33081886729659,96.6494407135547,40.86793967696711,2.3042159217532734,0
46.24651491907443,54.4788176410637,37.63568033963352,20.726962796097304,2.6637174310992484,0
87.99496512239136,45.509345465691105,90.89454177034762,71.86380218390411,3.857989624233627,1
50.71267972326002,66.5758997275291,94.74432913339922,60.88750571779184,3.8293285618845614,1
79.16476647111247,49.69379387501021,93.3136435625653,55.64142515945289,2.0171796885557196,1
54.29096686280359,68.08593334401863,70.83314854895278,97.35748116946523,2.395547603107682,1
45.96648356556071,76.44686901150597,70.38565235477662,65.6959347170331,1.8734984711344307,0
54.590331459967246,75.07240147937095,52.25685065470582,89.07452622315076,2.7749626982837428,1
83.33601591133956,49.96423096160971,80.19183058430303,31.156018896412814,2.6514563767366663,1
91.34178808637714,33.34881613590022,62.50352146807455,65.5365170503542,3.751900406126831,1
89.8131918740195,54.4423470769766,74.19504569826356,89.43837013847224,3.8250134444776815,1
63.83101177710729,31.4075315265527,54.27663230790364,66.64846058239183,2.45891847751823,0
80.08510819423877,91.20776281470467,78.51971712345113,77.44113425016012,2.7293448575474737,1
52.29905772494926,47.67019685902859,85.95772140836392,49.763485424976594,3.7405906228653327,1
57.588863815660794,32.3567797778659,31.71490052822529,27.39596136296533,3.516769519362654,0
93.78014911126718,22.035820792460072,86.63437724593824,56.63202361016572,1.509140778361623,1
40.780115410644164,71.66579090291874,63.22372254322458,51.558351267108605,2.3001489104589563,0
45.13051185126808,70.95218539637946,87.57327272721794,89.36481459031579,2.5544356048403145,0
52.47317530876164,47.248333326503335,54.50413650728117,39.51962418819778,2.0742907092080793,1
41.59193223242918,25.736951107812082,50.3232388306428,97.33873820280864,1.998929039739847,0
50.88612610538784,52.770311591618565,93.2048586013778,96.6510495843597,1.594461266489199,1
74.98249365818154,44.897399605071485,40.0935414038721,39.8105314457151,3.1084243126744013,1
65.28547303554987,74.16965117880075,87.53698602289145,47.844156438185635,2.156275726207914,1
93.56030266461849,68.46233995621523,58.72164580075233,91.6444592699108,1.6308679460782827,1
89.04661370430645,49.167498255803196,61.12763540410078,97.3297776716886,2.077448276320159,1
60.509041101872555,37.43140434039921,44.67746251915872,55.47512822688353,3.5047848820903162,1
55.56540600587755,99.04287729244734,65.84337604952125,45.67976365127183,3.6287229541163666,1
62.78154449003601,56.32012969568919,46.0168957020969,62.087521060123365,2.7076656129832566,1
75.41769655088846,75.06193886241897,23.141553139332185,75.02153650925878,2.5401766760217157,1
56.08381844937257,31.244237406268862,41.75988842754848,41.877961229998384,3.944634233754454,0
77.44893447094805,58.84717597275183,20.510323472527254,78.91785396952582,2.0014116489701745,1
64.56469913147443,22.202937589557237,98.26838296454854,24.132588569171283,2.038398207136521,0
73.1228308511188,60.436409432835994,97.2597767855798,23.943559421153317,2.229667942590999,1
66.16759174811901,97.12139256941619,51.6124237977844,50.90301641164362,1.9318932957027184,1
57.66794557251506,50.736537038864014,78.26966834717169,48.27785536485764,2.4484139955104665,1
96.9071984177294,23.119681005992927,47.664487872834,45.25065722937218,3.7770855674743844,1
85.81634764958565,22.47646327354748,73.68745256687808,59.2815810135128,3.0383696015714357,1
48.40679054598715,51.03894079574956,84.43440344367832,45.6586865849257,2.529866371530659,0
92.10807855387478,32.801994917055524,95.74049957537926,35.380633477447354,3.836026986428037,1
69.24587189497082,21.868167706254873,52.01698206797376,44.75756392708807,1.6211605811895557,0
93.67313361364549,80.49708911601414,82.66383863648382,97.9923418248188,2.0256904447546535,1
87.99131535683891,56.681840710551256,41.274276050569505,52.88907335958789,2.9147215127543973,1
65.512810268154,43.139581757812365,99.22658430349186,55.57702214866686,3.038881557982948,1
41.348158499207045,92.00665464131846,22.06156790114809,66.12359919609119,1.5988937664065328,0
56.12064156309677,29.29111681604205,68.28230452008967,98.66726147313813,2.5075968947678304,1
72.49805287965202,96.47350631642554,72.76047853210616,39.32810211486104,3.1228849120771818,1
78.00869318956885,45.117337390188226,75.04364456593031,74.50256884259471,3.2451763660085042,1
55.47326112599214,91.0722937846945,29.631006303127123,77.27877548333794,3.0953497562906733,1
48.36136444436945,68.23543011835693,95.08238267785043,68.58595334344528,2.301408060902311,0
90.09581420795794,86.136588779319,34.494662324006626,27.086267170931528,1.7338003089947738,1
99.06413084221313,98.72105305683715,69.82027225918728,74.14978206620611,2.5677811160483355,1
71.54141093816115,43.07243502549966,37.814086329846795,25.12757688289404,1.8218860934201386,0
50.30075715089821,96.89083883260744,44.57731336170167,67.69141196399175,3.8690591463016677,1
56.338439591162135,51.15855159219363,63.71668333824995,79.16649417773941,2.6879271650565704,1
41.103440592848,50.84095237895379,53.37547348516612,36.87759124959604,2.293147935892169,0
94.85792839362995,47.230968340360455,32.818048078120505,87.32976060342193,3.4157601777972504,1
47.06506497340847,63.312608587806814,33.674912193667865,22.42830444264034,2.7448714814556596,0
74.59098853085521,32.33160345427897,53.451583053023974,87.50502909266449,2.275085060031125,1
56.44331324123236,64.2969188286409,80.58263826204006,56.82632405142121,3.5299193559770043,1
73.2506801509476,63.33638499280032,91.83717174782308,37.40703519453156,3.667880377502805,1
79.08522330111185,80.9521450083896,26.73021298075063,30.70225159951744,3.1825204157216924,1
89.7845082224321,86.69199695500684,51.44831260475208,96.2645734065898,1.6174110560191681,1
52.3852763056362,55.23530802499393,28.01964509783013,25.81324700649254,2.9158072004163302,0
40.65974971950883,44.1866599481195,21.32739845060783,35.92747359487405,3.408237279993204,0
48.213137804128436,40.746791785367556,72.93749461151653,47.825787794643674,1.8412575302089556,0
94.0011185108863,35.569906936389756,68.19595535732702,69.61878791688963,2.0716768784615085,1
92.43340465375091,24.61180657592199,33.0415291051909,63.58408682208787,3.706237762670341,1
75.8447861302185,47.395838306777065,38.70502664744513,30.05147939298512,1.550304304632685,0
76.0310116260192,41.61981537046266,21.89662029156147,43.17823869905717,3.38181784456494,1
79.90220047277532,97.31339086931258,86.7957764555523,39.100141686881926,2.6844332312860573,1
50.522276717406974,64.61670610000351,97.97524768388412,37.08342835922731,2.616930397099017,0
94.8647167554976,47.78216312244061,30.836762943575266,52.891546918398966,1.5177413312372179,1
65.12623149352439,66.43740807949568,38.51801710122385,76.32251620733255,3.548495577416232,1
62.98831169496985,31.13573610765564,89.47276191575472,37.39623457737888,2.399562251591416,0
71.13506231697025,55.523499936176236,94.11710383649479,49.33431037623851,2.8519140782513572,1
42.817958006503304,70.0987457136851,53.57019062454483,51.27339414729298,3.1932517158391485,0
49.97700212536476,59.11182654339611,24.049797781525932,98.11652235483281,3.2565739410947896,0
84.28201698558223,52.14230405234594,23.151346695425552,96.3733085503255,3.8899501470651807,1
44.967920075507585,99.50787111197586,65.91598928552084,84.01100662016607,2.828349883091523,0
76.1891265679833,90.42518097191416,51.431608711454324,39.33271366553481,2.499298877436069,1
54.72094658087926,69.87247665275521,22.29219420621236,25.442985127333575,3.8842590662292698,0
63.35773684251859,65.55018889458262,66.66019138500454,45.35233101764998,3.1052755875638027,1
57.32162420624199,69.65283838596673,20.904202927121798,41.34356395470647,2.245375890691389,0
61.34036298789695,36.10496862579466,82.98975665194183,60.47406401171151,1.8161606135089279,1
83.14275431105473,51.61101946114549,44.51462581626973,82.21823280542344,3.6063862536629534,1
57.8273029373905,23.156762631271945,23.220640240738568,88.66583511030865,2.405454006985379,1
73.98427841781384,58.04368299894613,67.06817767865226,87.58912683284068,3.1511743034110777,1
68.56302413194598,63.44196671661305,51.81475315464438,48.77404489784542,2.677041048414745,1
79.8202699217589,38.21997888825677,97.90403306857196,74.97874747685464,1.997324449487596,1
96.20978435948548,97.1223077732411,63.53589300029618,45.026735801937605,3.0042165215511627,1
83.95432583261501,92.75636887497936,42.019134482960666,24.872443458814615,1.651707672376706,0
52.896422715445404,77.77145883647248,76.75510917071799,76.12522124823539,2.5333561496779806,1
41.87098810367708,62.670930301229006,41.719360203416905,20.786204205583026,2.8665373491591777,0
55.73584265798951,89.5975327718148,92.3394633126052,52.734606996679084,2.5901174352964476,1
75.70467584201529,30.452187505877035,49.97775764059011,46.35034154416606,3.371680438127477,1
43.08554880905502,83.2407835419908,63.98948502209642,75.4702030815082,3.569812386363281,0
69.78197483207418,29.985665117347864,24.045848305938307,81.29963782083031,3.428107685082945,1
75.81057093501335,83.53685300395243,54.08969903617846,44.327570877702705,1.5970323695295052,1
60.05463344901765,42.06140546010856,86.5890831728796,84.93016115558828,1.9853219261149304,1
86.25473222474932,90.16724648145511,84.45190442906735,43.513340840394704,2.841518773159436,1
46.39589518802631,95.52336750603183,37.9454847082821,55.7061087989249,3.8370551011095033,0
44.50826690414853,31.90367755240925,38.086325680845015,78.16148216113072,3.5873919376302923,0
83.6913253722162,57.01404840523148,85.38442497705894,75.43361833798309,3.6063362708795044,1
69.72947897237191,98.47899025301481,94.43187361354605,98.989477784976,2.258020484399187,1
81.30414378566417,58.67259487785173,27.628873701840284,38.01288193727455,2.5736197426967564,0
66.08964031622477,89.08380180116362,56.00469115409802,72.98543308316658,2.6767648682898435,1
54.78412199434641,67.09852177050558,46.996342317138314,68.77455266206219,1.893428958374776,1
89.14613906045199,50.02639263356815,89.65507643659515,93.20787635920239,1.5776703256111408,1
87.96495273813875,42.862684442069614,26.6819931744015,32.508971331590004,3.867257248651292,0
81.6817882512656,36.257847286886985,36.89007540464299,80.14385308695464,2.101781464158767,1
56.32870823379776,80.94385531021578,80.19746700691954,65.46148930150147,2.099872259309078,1
75.41384001214523,50.92324054584223,24.103507918497247,41.97326958303243,1.7084476344218988,1
61.65843381640161,60.90203697606009,59.40283045714314,57.954793131773926,3.821269379859446,1
45.49492439959805,59.386038400094556,55.3685627743776,46.702127765583825,2.94934278734943,0
95.03881452773456,66.1823223386505,46.752094319099896,66.34507222307687,3.1675921428133846,1
48.209117855137684,89.24617164996418,51.565785225513906,91.12004886517327,3.7789422181576313,0
97.01424122924814,98.45914748667435,62.39524695441864,65.54439875297616,2.3640504222519736,1
66.76034637747735,52.606736685905354,32.90938867107065,70.53779346612671,3.05376827784521,1
51.10797573031718,86.20151376850424,65.75967026268742,61.499827769176754,1.5969986368222187,1
72.51405684270148,81.16222357237741,84.4345863439989,24.093240515638072,1.9669313205778234,0
92.37675015258449,65.88231611644586,80.81287438321272,38.62868455008754,3.578114512724856,1
83.93349318457368,96.48377148895464,32.311992375501895,59.36013835456662,3.416920890845839,1
88.39366887168698,36.037961242272225,31.939957579317912,44.81882269957638,2.376606728642867,0
79.52700200264304,28.74113682476971,41.453949419593066,34.54108782089554,2.442026569435531,0
81.53659387107115,88.31695735643378,48.88597810728298,60.330627353475066,2.8338860838839484,1
90.95173909391916,55.13198533069986,52.67644651267861,45.82478347582803,1.5006025117128363,1
54.98008053155115,87.75750833656484,74.37577734666762,40.64861145387318,2.1031108400950695,1
69.36549781858844,91.44721641563319,24.534434573266832,57.11883339523047,2.020579521520536,1
53.27256650917613,24.996607489525715,22.77381633808531,30.66274064657385,2.1262073668744086,0
99.26008047979883,90.67718103888485,51.35284503551272,94.21965864603258,3.5147646063336033,1
96.64356038119679,55.86552442955377,75.77309537103844,89.41616783353912,2.199184641366108,1
42.365608682110356,60.83459912033858,35.47482743651861,76.60964685924283,1.9788033051253704,0
82.33451035094131,70.12740088745682,71.32035850050013,28.4971062070765,2.760658651982579,0
95.51489904493995,94.11060853840694,40.786251035223955,82.07018035757544,3.66411259093183,1
50.83452070764001,21.52928755438112,90.8868887050813,84.63658624872151,2.1033742595937497,1
74.07671383315777,58.14747746542537,91.65519554132932,81.42116941714701,1.6963406069819968,1
94.92929785528251,75.01776339444486,43.78297634250612,29.11727096953929,2.391011839624162,0
42.03675871514793,77.81655661585827,38.39950031705924,71.51263656542118,3.3691295614124446,0
81.84521603481039,75.40259452296864,52.9043177652985,86.74598365995189,2.8767263617369867,1
57.840940442353045,30.75481035264975,39.242526814411896,66.18827209757342,3.5419834239358687,1
95.46377172259182,43.9516470697345,73.79070746333629,71.71259001824711,3.898980369023085,1
98.26349470992207,48.69724203336108,86.08517476386284,56.66907835410449,3.4816561918790425,1
96.65598934680604,84.3549766143604,73.84737047289735,62.296585590724206,3.0095076971093837,1
68.45285299944783,42.30078979316424,85.94803577994796,22.750148668138017,2.7333539701309513,1
91.72255905935882,36.85639710937625,51.75937297659793,71.11704175786276,1.6001727158706667,1
90.67296391210422,96.5958415230477,32.50535765670887,26.515777031292735,3.960804947035103,0
59.146028394595334,20.709062809077512,79.03607579180738,54.80116754721787,2.458702806437606,0
89.73492844904064,99.82566845455825,48.83796041132431,43.412407813392626,1.880570534792167,1
42.220458082929554,74.14570390859166,73.7016660183306,63.634236016937045,3.166772138491142,0
75.77619270892319,86.27754395592936,41.65151535854125,30.673306841856565,2.2107207227386483,1
53.80053023726218,43.56955170769545,26.49837078453381,75.33147215786545,2.9644456773276193,0
47.23401314663673,21.145222213364796,99.40654363902107,83.60092295427762,2.966919769611478,0
44.61719209775255,79.0295614849224,32.49612063444794,33.06835597945252,2.614324552257173,0
81.77732655268838,86.73156776005406,99.07367951707849,28.34504698815057,3.5902965388626065,0
60.39249782608397,79.23809055628153,98.18239460531578,31.64123862298873,2.1624176538886077,1
83.48600629172569,31.428022984067088,83.50544831264317,90.17020495188014,2.6215814790443357,1
43.92138044793654,80.27423378055752,72.7538369665598,62.2551409405085,2.8442303214774287,0
58.91742026983662,81.51382256861127,66.22456402008677,57.38087968060021,3.159061801918249,1
72.36947754252023,72.6832412536044,89.28812363022678,28.53694552818834,3.459929626263974,0
87.44338989033781,81.28927462364689,43.15516172955903,71.96448054055693,2.48701820719564,1
59.12515017592419,87.67371517421857,57.41449699879016,89.4399673516072,3.11511736024149,1
77.55348258622055,69.08832913899667,69.55119754932015,86.25486954587623,1.8765273826712978,1
93.15866489417124,27.088377117574325,52.895238069559284,70.0843767184641,3.8316202513561963,1
76.95179129093827,59.01022477337687,54.19891632722144,26.02229733213389,2.457647016052509,0
53.97756848521803,26.211946773728407,46.422773400166754,28.99176217408104,3.323803554941096,0
41.46404689339228,52.60344248259447,65.13854533476288,23.944718968785974,1.5508527047054441,0
92.2059324340558,52.56851913005021,88.04596224120928,40.598337319397544,2.0129678572620175,1
41.27616465102323,25.280787531219325,36.12227024050503,30.85291737283022,2.717706360808945,0
92.48210036105196,47.905642717558344,94.75464310027532,40.80384322019471,3.6956311693308663,1
71.73622804163273,28.879847903305187,75.12701229985836,50.804644457516936,2.818137874876693,1
96.34406191077377,84.65881680073777,85.86185701440242,95.43862272569085,3.8246762057346975,1
87.92699414641993,95.81504207715766,64.49525541040093,68.83008478253537,2.709492241456991,1
99.87604663200025,25.78531802063509,82.36133611392508,86.79790285463699,2.726122741839875,1
61.04270892710261,96.40921658333612,21.296031787157375,76.82812005698658,1.7993669712513296,1
86.0312973358676,61.80612794693961,85.47043398236282,29.00025044213054,3.5066406103805496,0
64.11585481655453,43.96525423630991,23.211108726829323,78.87363250991591,2.1174135311676565,1
68.79253721823453,26.14896602209308,91.193070109029,42.00791052472995,3.7490312234307877,1
77.6503277931022,60.04994144563342,99.35701977909146,71.12862775957652,3.7770605508259902,1
92.42062685118032,83.56124355925989,43.525396974142225,47.27695789143908,3.8582752796853743,1
99.04500815195772,76.56691818133585,36.82548450286349,99.81378106117273,2.800576222757725,1
86.0964048318711,24.0180809171179,81.22906910864326,41.08411835974223,3.1927344619591107,1
65.06600693004003,25.832146829432283,40.242107273620256,42.33043766194157,3.446289700154159,0
65.2814201366242,52.229862610610965,89.24499065377628,94.45378044499186,1.827536546626164,1
84.25493809533349,43.623239523835466,28.227407372598137,21.971552370905812,3.002392987493743,0
54.32662874609814,38.59074584448383,30.076415710348662,75.73511902985575,1.5857447532582791,0
46.62844678788368,42.48035991269709,98.33212440804925,78.02611125887026,2.743915208471815,0
61.27732945844659,84.27861946375077,73.90711186160037,86.91028619283195,1.8871067040505685,1
57.2343394992449,94.33824429054832,87.75097795431623,97.95514485107803,1.9573073149052118,1
57.778487227359406,52.408215562205314,45.94635018812144,98.0481535325322,2.4126189167315037,1
54.0164650629946,92.48888017059977,74.11869996164836,25.22214060531711,2.5810929167912575,0
42.525591378181716,45.71965609983056,67.53934618468777,85.7471458202322,3.057931061330468,0
41.07243608400483,58.11495890750333,68.25200960983577,71.7047946925905,1.686071046096289,1
99.26334338416189,38.08231982527998,74.60259676301773,71.7873707498473,2.7592294030936113,1
65.66638802415174,71.23808337406751,66.02873385032788,30.267994129175584,1.9565628256327527,1
63.0595988295809,98.31848921398472,54.324989544213274,72.01497331565227,2.9349379375793547,1
80.77883696158419,68.2794476834703,42.07381555044375,98.59860644809983,3.093511530652959,1
53.09523327190385,48.62512672908391,81.48650647305615,92.94548556315576,2.8917731413821346,1
96.99767103701352,71.82539567924226,38.101794400254896,55.13045286438804,3.345738776195769,1
87.18070086493313,29.833654277231005,75.38834449235313,23.195837862887547,2.339023110602253,0
45.36466013873557,91.09272642123189,38.66662581194613,48.98347920001639,3.412766479082827,0
65.0548465470957,60.24671606238691,70.02641359635632,86.11122492804442,2.5819177042704844,1
92.74709845372988,55.94797936317136,79.76626137032231,76.11992811721328,2.710461245806492,1
96.68392133748462,66.86918307628153,37.497111112523136,56.747492447516514,3.1202553181526786,1
68.04409067499219,69.9827090231522,24.795464068904664,24.408122812706488,1.54589595999806,0
76.80468335264246,25.742064498121042,30.477899439533928,54.15157822586421,3.134985553550621,1
50.02203676552451,74.60937769787219,68.47975738168203,57.52199517743068,3.0464628726802885,1
99.4701175682186,39.35453442524236,87.95571249805884,94.28444263153088,2.2746177918832,1
53.90030208300661,77.11621060052718,23.59974569883395,71.28688828657275,1.7144857122487238,1
96.56390644810753,85.80278355073574,78.7321007233317,44.93223333237191,1.7273386247826028,1
78.97879893954212,84.31668060420162,47.305491676004166,62.02546115605771,3.8080593674630716,1
76.46420769273155,64.20007739263113,58.2822695935618,25.284424625772807,3.223198303064593,1
70.76131066099052,61.613591384860094,94.30876398764525,97.80545885197894,1.817756534426851,1
53.84018870306552,31.430076907152937,46.557720378867636,48.804792154458084,2.3918079232722658,0
50.591681920330494,82.02769203225085,57.22695471515888,58.22938839305087,2.981207484753991,1
53.22917254421052,41.71275043573715,21.09459318085449,48.42271793895381,3.5889292627266216,0
51.18629572865527,59.73563382543573,26.52789760038707,74.60093840929602,1.6091523217825214,0
86.7750684140052,42.74192743420134,40.68732729078272,72.97857266636744,2.091582828675022,1
61.0075155500038,30.706269039975453,22.228179265685952,77.22578484233085,3.72437247573845,1
43.47056059380378,70.36461575133893,70.51002608386008,41.451458368953666,1.5229138754595413,1
98.14615780844868,24.346562785832305,54.111868544129806,45.25347849312528,2.0034977569847188,0
93.02715309780554,79.891618730096,63.85161621824176,30.020098487696636,3.897560439932415,1
95.66513699171279,45.406943620889336,33.971774871706366,72.440797747689,3.033504616305428,1
99.69446935878611,20.010775440358827,43.67456235492929,23.183770186852204,2.154178416593766,1
50.433714953169236,60.89033113897838,73.10595798821801,67.81458684187672,1.667477735989619,1
63.77452113415953,23.74815268220825,97.22421789043199,89.57567078813071,1.5704783511180553,1
85.49430854224548,42.09356462567196,24.033341888176736,91.26657186317068,2.111862699092318,1
81.76123708322754,76.5581189964573,91.23074566842129,55.923020829596936,3.7037145489722763,1
49.233754380391304,25.015169729749267,66.15049610489667,56.7442950570459,2.5397841357437736,0
88.94998749943707,87.1470793884802,65.1135653404499,26.157534640641387,3.3008334229149825,0
53.46643431019964,20.30559381268665,60.02228281662083,73.66120203544286,3.7957125884498946,1
53.42905688935738,39.74590953615218,25.55152687233467,85.70075362982764,2.5201011540070413,1
72.21846537360481,79.27232449216572,27.19014813889285,39.57240436837704,1.9781934275934927,0
75.57639609050219,45.30161197834454,68.07296045272689,53.70407053066917,2.7927948271422984,1
74.80517247026867,28.15139104528108,47.27668571484466,87.10714694122163,3.770209217649636,1
45.489210243865294,48.81871350403423,93.38144532621445,90.16963741298304,3.5109360353442516,0
92.64765175782281,41.63146291076204,52.52724298875778,39.45439842113807,1.6645746084078845,1
55.93600255532236,87.41695217284439,31.46251669621129,64.04565076330914,3.2314320001939545,0
47.77089527696825,45.06783340681145,77.17750668016288,35.39945205086617,2.9297438061473846,0
93.32488479213863,83.11459774208058,43.46827371528079,28.150301131164525,3.768657940866064,0
97.3390898937852,91.34977158485879,62.03762458847145,92.8896401113566,1.806203542125743,1
91.72765703592704,54.70539356612236,75.8266228404136,85.64060033856873,2.835090283011642,1
88.57096448349269,92.79545150835136,92.02112889616564,80.80279214425391,3.698656733779731,1
79.3145188383413,50.18544431705543,83.37529558413408,23.901305505051234,2.5250594668543576,0
73.05144223654835,97.12627331920865,74.10888542981793,87.49830341682059,2.7049872943321676,1
45.21920559468461,27.143161962045834,74.37065459161148,55.0435260724307,1.6761516941673957,0
64.50719278424192,74.96154132025941,95.67397152256692,47.39160986366877,2.195359101122277,1
62.36131102073884,59.5051232365543,43.66592779972288,63.718108882030116,2.3112666229223686,1
55.585227025619574,51.011904436451765,20.08896753569499,27.308259417884464,3.862806121862217,0
83.40520682131509,70.61695029988807,41.7563647518559,80.53172394819191,2.2066684013528977,1
69.75254410472624,76.3085673307465,37.43131037013952,66.59480615106366,2.65217183817413,1
44.862772954458876,20.349061572024727,72.94676680911985,34.9272077498534,3.1782610589106994,0
53.21099211698868,33.3562470997759,70.69692798124233,35.058575981523646,1.9054584310196936,0
80.99552581957576,77.0436840507455,67.4769106163779,34.73989212581394,2.716105967854686,1
44.56785156941801,73.31083308625651,21.299475456756298,24.560191004154717,3.346347598689769,0
91.07241484292612,97.28380041029418,78.3022443560518,67.02387594973479,3.667138032567665,1
69.70879162083847,80.88302322006264,45.88243299883932,87.22785420708065,3.065648186656067,1
68.83519463959888,96.06181661850704,73.2044791205305,21.399857118991086,3.17263378829237,0
75.54446707957106,76.20324012278456,64.52627428017226,23.920371597701884,1.8157086814614223,0
89.48085795550895,43.844176691155454,47.418474034232574,65.82162213495566,3.864441243115868,1
60.86855247413158,28.429193780068516,30.76610136832862,85.55965483088418,1.8314351937112059,1
80.68096915354381,82.54590906759485,27.553511812838476,46.13911124549069,3.4366823429544957,1
73.94391783974746,71.53193771807327,86.52146664897788,47.969151904617775,2.1620408044457973,1
56.02169621016528,23.8548809914637,93.47180336652464,67.70771979974208,3.833982859253129,1
92.71779918130949,48.80403727207827,71.98304374114397,41.93703112993176,3.299898848423699,1
87.8455612964157,96.54398523874289,28.27472918883867,22.12866928621473,3.384534282445922,0
79.50711007950554,60.0320916568161,52.162177351059256,78.81828144812769,2.047647932649708,1
91.03490374565452,54.61833088157637,78.31513600841258,70.05199303531626,2.6075999415879023,1
92.03765205758813,56.61596841274352,82.38567072080545,66.46047992445273,3.0445329864732162,1
82.50177860290208,36.7106179204131,29.457489783287087,79.33473031934585,3.424934045516502,1
90.22079970182033,49.49657366918362,20.002457507630595,74.018467004963,1.759898439780974,1
81.84828770015702,49.58506047897413,76.9709636704484,36.47055905426569,3.905913291136321,1
80.80844630561802,24.188401614997794,48.52769407889645,48.19848375546809,3.72555167638639,1
77.11668269291106,81.40541028143346,40.35850652946082,30.08881133429,2.175871476238961,1
85.16299837345846,53.32035455231032,21.031797583162035,30.38856107343048,3.55690060758083,1
49.51630631758442,85.77439094531387,63.223952540919974,74.09565970852313,2.7958098075995585,0
92.85224555193571,88.02784008959163,88.09205883407854,88.68800855859986,2.6545162039050467,1
92.31061166471392,36.95952437589264,96.61053170180703,97.01860670889113,2.2860852645285137,1
41.75483698207355,72.58827857361028,65.25959604906313,70.26776940395555,2.952421466578981,0
89.54900503388576,57.78254433303854,61.156906219191534,34.728105868876554,3.3247227942589945,1
47.73219204840671,90.4125390337188,26.80451083913929,28.452027635914455,2.5273322624068957,0
60.10713125554851,37.25925433411633,63.90982412340798,85.02807772294062,3.0730479825207304,1
84.61049537749646,74.22505602480354,50.39832631723157,66.30051810879993,3.2482823028882595,1
49.64559376289849,68.62016978021781,68.57082247068615,69.46280168109759,3.277804542538215,0
89.07802144714373,43.624118205746626,51.09810783012374,82.51696710037675,1.6299152453279506,1
89.92805067746451,30.92807229209381,39.22392987602934,76.26217821859612,3.649369514212667,1
70.44806402565017,72.13118083818213,27.59722201827012,86.75666022848773,2.64563328691262,1
40.383152303010014,79.08779665058645,45.19347556711166,24.497112436790278,2.156040204240536,0
57.22228799049476,45.250187501068,27.73158674302018,79.80165093972039,2.104411268699204,1
77.01561510254453,71.5866083217851,34.15175606591872,88.06822058576763,2.707535282109876,1
98.87117068164541,51.61047260892026,98.98689268636367,42.89080339666515,3.717078848672398,1
77.9088116210001,77.05655066260942,55.52828455252949,71.23578191946024,2.445868954206617,1
55.588214863849586,35.93722199152425,62.549741320401324,45.13296510695777,3.374314366958858,1
78.04034218597668,91.21720021089395,89.88948229897723,96.63768531859633,1.7420468274680465,1
72.39912278295134,42.99276771724638,99.64551203925502,22.673885794840302,2.6901417553776543,0
86.79072370906862,49.42287902049223,66.61715594757453,66.3834275066364,3.979215350981839,1
46.4188383296175,24.647356166427983,84.99790568353373,33.32028376396121,3.426094506980842,0
85.66167415012168,28.92097698570211,46.155281946934025,76.9776164141727,2.0263212211015325,1
72.47599472056662,61.26895221698625,44.459516595783285,34.07122267349297,2.753603684244777,0
97.77952023153968,41.40741413823772,52.21629767956482,38.83066095186861,2.0840619091214165,1
60.51232996232116,86.83841805937556,73.80058101389193,59.54966488366065,2.5239023181562734,1
77.9573135880369,21.175471092396307,74.5753351404079,93.18679599975025,3.4502100593374116,1
95.92168633060105,50.32752389375489,45.21915477195606,36.93714977183767,3.428062038226009,1
46.15058367944076,46.987643741527414,30.656793930930295,31.539201689448284,2.070250944755963,0
96.23370923418707,21.54621047340808,70.59170051724068,80.71814654832245,3.8055582953871503,1
81.27314333804881,29.949471920040818,30.266068975101163,60.04956258671448,2.9814204569120673,0
44.07022354631032,53.09141399349082,66.2794006583464,92.9428089905417,2.449810727405036,0
58.057814016808976,59.429166755795734,75.47377024450472,31.729164572787383,2.7548389519521517,0
82.4903253187169,52.34317978038953,76.04891971155612,71.67423144184315,3.0126781335943593,1
44.041036088126305,62.475014272967506,80.27776885276774,38.630331692145205,2.8997263296144635,0
74.9302276105764,67.61053399245452,89.82875372525316,32.540834292131144,2.7160125888404454,1
60.752983417177404,20.79390569022685,59.996719357183075,74.67435321258165,2.7623320102235,1
77.25493106604863,57.127612756280314,78.4199351623657,67.49476959269866,1.9410297760697155,1
42.74452202875077,97.07993927100706,69.53381882926693,80.3861966689865,3.5318322607616985,0
92.29220836914257,61.522582410363896,34.93119518381461,44.75700611569459,2.8544007998525385,1
98.4093381506438,74.20338139671625,22.055171589552653,55.837732510575194,1.8276996542617576,1
98.13267131714149,44.949108633350654,42.7633108541547,52.43773410643348,3.4153927539569446,1
84.97910990457548,81.91931025222101,55.44269650700955,98.72715711732114,3.831109945943377,1
47.80517440783792,81.8337185500892,69.3684755542925,43.37991653915103,3.868267248092405,0
85.49579175574135,61.703683812331114,87.99674644025643,43.58537906774135,2.422544331027932,1
41.47521498752809,98.08110586233708,35.69965733649325,48.36385670628859,1.838792183901885,0
41.327413091739835,30.044017181012272,30.04398319187817,65.16752650322573,2.795999066582663,0
59.41661314897247,21.35581319116648,97.0783957979462,40.18581954109962,1.7815230733730516,0
69.31859142427994,81.61265694056767,28.643564750112567,93.22319523034191,3.834968546281543,1
86.22444506846759,84.5724429891906,58.27928560857514,41.25484518930108,1.958949068387865,1
80.9977225963903,29.6165783296461,66.84509830346414,91.66525852481557,2.1319146498779102,1
66.7541623826049,41.24662663668849,63.30995367259506,28.278005091726772,2.516591317212426,1
56.41759997689995,21.404189069330315,26.882572562635456,72.52501619197218,2.4579111713978143,0
99.82747000946267,43.46468886244517,24.56215312028955,92.5588414750595,3.4866572309947226,1
65.57087813415838,81.85134991349372,28.438674196882854,33.499955071858366,2.6407920513774057,1
67.08322145978053,61.436842217006316,66.847014709809,97.4661568079404,1.9269206500083422,1
49.81742927150015,47.84764745346305,63.54759101074569,56.230668833240934,2.168024738715185,0
87.68857292499575,49.73914359250642,38.69926336293954,95.65720867528196,2.772783462968805,1
81.62093354688932,20.108290057237454,71.02193134764732,74.14560349040376,1.8686347935653371,1
53.24617676732562,43.98404220521887,85.60540016445195,44.12694958988412,3.0291391891150354,1
44.94286273695056,71.71669933103445,23.3263167877275,35.06420199336851,2.9143682663778647,0
80.82995812448279,97.93555550530857,59.85039548384339,44.29880369800795,3.2867557909556444,1
79.27067285686812,87.76486615871195,75.14483296821523,27.441392741014,3.844261538448419,0
56.395571619892564,21.88759717164233,40.184954165574965,31.50943730746638,3.780636402752889,0
97.05181373502462,91.88484837398715,44.621672423451926,28.37283522771849,3.8651890451720785,0
49.06347350685401,82.65587306389008,69.0910322391507,53.83548349932462,2.1117889925592523,0
65.94008806255611,82.43008988567843,91.83482347549895,83.64627010060691,1.8289132665983865,1
96.61695521005593,56.63966072028572,84.79395362423195,31.310684337307215,2.2556917512411214,1
65.18363901556734,51.840423436360226,66.65041752796668,30.425634653786872,3.7377129319157865,1
78.31155685984513,44.23325830665541,78.41773742057994,71.47431596138645,3.9301336865587206,1
63.855663877767654,25.255588716349262,49.185797616623894,35.7746385574453,3.64831237767619,1
56.452912140920205,38.258829079495925,71.27724224790062,27.808803048719327,1.775044302818859,0
99.0386588775897,39.72829079824197,57.294527290204556,33.34788625644621,3.8685699951494827,1
64.56004037890258,58.72616557681613,35.19489091660488,93.89851167014208,2.558395068376965,1
93.64595222074806,79.79555252773551,76.13906191018057,85.71770022209526,1.5232757269058843,1
53.79727635346517,57.90478627183573,64.51717098790576,48.32516498840753,2.605984351870484,1
52.786282241505,24.62755595577285,48.68972655628731,72.46566138619143,1.615172924188669,0
41.86804497307068,96.62318407905632,92.90713520629046,62.982053893443045,2.8596948029027938,0
79.10000952255311,95.41794552752899,21.67472942613866,74.16994107860512,2.346385068592628,1
62.11158062342567,82.81516345187268,45.26185209995968,74.61369219702075,2.683587333985122,1
91.86149499037822,99.30623212513764,24.550511822211725,70.29872120479943,3.0329259018577925,1
68.39259440149343,63.55858662402103,81.32218529773017,41.28810948298469,3.672002739544551,1
98.09160567488331,97.02146802025649,76.16859632910341,23.12051366102545,3.1547539411798216,1
51.13153094218727,26.048403249340062,46.50817749890536,56.445342559208704,2.5851221711954517,0
92.11739007733664,49.254459860909705,74.05303217656584,91.2779107752563,3.5485696341759128,1
86.59581116750451,38.030501440541265,51.67497809567599,65.55978068148607,3.7639553439328304,1
86.25531067864313,35.666646730741604,80.50030331379475,86.59128333615263,1.799399916080493,1
90.68699368701326,31.264235911414087,56.334693018936484,99.32994743689825,2.829832443881979,1
85.66143945657993,69.79309132527973,52.98237822653324,33.0892963310621,2.2112798993561102,1
77.57321929788492,82.5057484597844,94.77839323906407,75.34221113135858,1.6176529946923686,1
47.87469266094325,66.26387195362885,40.07032799125602,73.94348589600197,3.1713667377849633,0
41.95157076947511,31.757016767056776,29.635787199725236,98.39643578866227,3.656926943648064,0
95.2508708689412,84.88990159467767,66.76344906075666,98.84805871622403,1.907256636193485,1
76.99901887124429,70.87637657309827,97.5457449827343,74.93428893793036,3.5310341440597512,1
87.79223745857058,51.05325649015964,50.227137098174936,39.489183358575545,3.633489333842354,1
68.891341090753,73.93042364288505,24.96294109030252,83.88446705044792,3.785851106666209,1
47.038491337743665,40.792398339426626,47.144421384765394,28.562330736883048,2.163212722715131,0
47.511147532153025,47.61537667953684,60.474532345564675,82.45594433373029,3.7598826629747233,0
81.13391723373829,93.39886745055922,32.9538405305771,92.81568993157572,2.3016568868410805,1
65.81835369396777,43.240360453713635,72.64817744451936,50.626671581474824,2.880845033638757,1
52.0314836020202,57.59906145263493,99.81995112081604,70.45082359864644,1.6262686770807053,1
69.49567280448622,91.21129099168117,56.13915807851551,54.411418567746104,1.609702720921859,1
43.85253622450804,76.6177080214022,48.37828453841701,55.021204399050276,3.3009330318305072,0
74.91828411486392,24.97625809317622,52.05633334675733,44.82967112864961,2.6111999449444774,0
56.13960426610586,31.784243542317625,29.21169427161609,80.97036963602596,2.1407309384230437,1
87.85354603823129,20.627327261753344,90.6618881140979,94.89412513332041,1.9760337400622756,1
58.621717535414426,70.47374321833307,53.186052441708156,95.26006873875689,3.1748837271480452,1
67.31320894490807,55.81387403283347,50.98195291398731,33.982502789994705,1.5010038600633497,0
40.697232394486036,30.741988072182043,72.77522183443794,89.97949197252528,3.5147279229921358,0
44.34681326767353,96.63472968454164,55.36267367448988,78.99451531416977,1.698124015324822,0
63.549613384401084,62.37277791564959,71.85867750462768,40.22699205522314,1.9787240372702986,0
68.79633008302741,39.351463529031136,24.915703210463,25.382769033721164,2.4655909882477243,0
76.00123288715822,60.0482856923766,85.0978674977782,41.43978135075024,2.712146849290259,1
57.499754722558194,74.36962661880862,95.2403162303522,92.97665894252205,2.3874877895348545,1
81.69891316759255,26.099137437885158,71.90123089275087,70.65429399166177,2.301780412460735,1
91.60734383135227,41.97630520383136,96.36527430870485,77.68437287182975,3.909790030182971,1
86.791059333601,84.55723927071949,32.11458514959706,40.57218808872767,3.1039492031084857,1
42.37712952090143,56.7731896322129,58.1932951584283,77.55105244598562,1.5585823884184706,0
68.83041683546973,63.72617136258359,68.14453871563578,22.2497205022339,2.575439771110783,0
46.29581070509049,54.62528017675754,66.53893179369493,50.0257076618411,3.6875217493599255,0
54.522700951751645,23.51199541144041,52.11694232712346,70.1402678833865,2.25364046602667,1
99.19975559602878,33.259982385612474,47.04675274930091,31.687725243305618,1.7363908619359707,1
48.5497325740908,55.64333109935127,30.145921804033506,85.84028595575478,3.3959619289747947,0
69.93328920708137,36.73483723263423,51.33939604498225,38.80250390495349,3.0150345798402034,0
77.08934405908715,23.998322292774297,33.01286520843881,72.1824890254757,2.9257812695662597,1
82.14789823264624,87.4919731241459,78.74925411937747,52.41577140602637,1.6339413990185199,1
73.57892100921484,98.49540233312926,36.7064748395672,67.68348763821177,1.8512475244887934,1
40.58625084515102,83.45142991973916,24.68522442276271,28.596044210312648,3.0563734905327844,0
59.58767849463951,88.30279373637336,64.18929102537874,21.353023993728584,2.0195596036470898,0
71.06269860308268,39.35817042536363,67.61837861755212,92.7651541904241,2.760175199371061,1
45.27198994869,96.85015804105598,89.75304490244044,41.57040070137462,2.8622042150734837,1
61.037615872550845,35.75405635627427,66.15852899341455,85.57416022243673,2.2087679756773486,1
41.99218652748199,96.11438482894658,47.63846829787566,99.94802403777601,3.871062888853732,0
44.71470982930124,99.58554351727608,84.24095052210563,36.914500639912895,3.6061602670889377,0
63.815396572095764,76.9378244596839,63.22231145499369,41.213659294668446,3.3059337690819963,1
47.96294524258362,98.49149854334576,26.34242277049534,73.02878301077325,1.6949846660235228,1
74.05245089569348,65.56318236536829,65.26804482505973,97.2358907680497,1.7653250482725487,1
81.36789814823595,40.763342654087225,92.64148363373299,93.26514785525951,2.731953364662389,1
88.03520194654497,54.95967085324967,51.70501003985764,60.23004160524679,1.9017833729774642,1
52.009014654688606,67.48487483030289,43.70606415198401,83.60882260213798,3.945663658823685,1
50.04895493554419,25.846524962161197,31.477556561441602,30.859668247992083,1.8963005850685235,0
46.274070420064014,69.7874611693797,32.11564175482859,98.19505473632098,2.7186695886599352,0
78.1858149726182,98.49422694098357,54.62171874734551,97.14825872287892,2.4103026421037637,1
82.38854358921407,35.20861198269821,67.65438593292237,33.09831663033368,3.098466053635245,0
41.89516868953852,83.40760930307067,26.44923241356814,43.95384998424853,1.8225910222235622,0
96.17273477462139,92.63190350236955,95.16548712201326,28.012399800541353,2.575791070105977,1
43.118277019088346,95.49612742561766,80.41068939561568,41.737407911854376,2.186762582017859,0
72.47778011806423,96.81084835243578,66.92991346269301,85.27646315321653,3.71937881167922,1
82.54363116705498,61.71677109771775,86.27509367511927,50.26524857322076,1.6014642803367378,1
92.25814742476513,98.1846326393203,26.414940544969063,27.07175737174067,3.7843187350161482,0
82.84521592794567,80.58481657075511,58.14711021864995,47.37804198231237,3.582485346382501,1
88.10368498418751,32.93371489895695,70.40745014893307,98.51066673930241,2.2439267911020386,1
60.367011552568364,58.1520085174376,86.29223248946315,70.37468762073624,3.473226636692762,1
88.88950682479074,77.46649402976033,82.67756480394141,53.29287571249262,1.578033900846869,1
44.806890783080505,39.787225265526665,42.16553997707197,33.3230810797816,3.917163875733484,0
93.68899936363167,71.24921468391099,95.27041356473634,98.89414378269558,2.8164873564744735,1
72.85554256922418,73.32803832372954,29.947667314469626,85.6679207410503,2.258202565163613,1
89.03786619774962,33.01597950468527,90.01068948969217,42.51818419607355,2.4064580314866926,1
67.139097071098,65.2068249962205,97.67521996836949,25.60549565769516,1.6660133836512434,0
78.6146617117915,81.7301528782886,34.17228185781005,24.530044590204643,3.973373785105098,0
71.58415965616679,59.91165316287535,77.76528513630282,29.630251960442706,1.598229862876731,0
83.89537130531991,20.968249342088594,23.222841502239877,66.46148668915373,3.1372678078696477,1
44.897798921835374,20.723077526343374,52.433826011132396,94.30107369643939,2.6068398192661455,0
43.62112503943383,48.562347517600976,61.302663935813925,59.739474240478756,3.8722905454717877,0
54.82619404060878,94.09552547454255,66.45161807277073,87.43563859649578,2.114999350766988,1
49.5726808067913,38.2941423682887,94.87497985988476,55.670929588784624,2.8302170598450282,0
92.3070139955321,70.74909510973498,73.78005498353558,76.68668366142602,2.7058905214568822,1
53.15283924148266,37.76606965546564,58.50223609753896,78.54981898292007,3.2571661101252536,1
98.55191534914788,45.73359917276389,84.77400290127115,33.91709647226709,1.6700255798810513,1
60.213747506266415,87.84336716811872,96.04262567635271,48.89728471806494,1.9844728250583872,1
50.927074941321955,78.30891538159575,21.765291894583267,70.9841725230419,2.0364120502321246,1
87.38191042854875,27.63194218505685,98.6017017804831,25.655728654749296,3.345376887104224,1
79.52246653005257,54.296161678914686,26.890571125094425,48.923215021036526,1.9728467408168502,0
69.89174298718834,22.333581091621156,85.15094234150091,62.783957302495395,2.933729409727442,1
73.32181305625787,58.47121172824072,42.426780204113,99.6979594435711,2.038109551252384,1
83.15210669633584,72.99472093608544,30.574372620309738,57.96268500979526,3.654062375209946,1
53.70728447987793,29.480209887852126,55.18845117710679,85.28454056914589,3.8554636362240964,1
99.78003496340452,43.11079511273326,71.51652635580908,54.56538280532942,2.7962324373556013,1
98.487589728807,51.826930040172556,50.476147601878,83.71125780957671,2.3807722105229456,1
79.01954118081622,93.56248197248398,24.365232662615917,67.63318412960868,2.0851444375437476,1
51.972547055748706,99.46040123383712,67.95689117269733,90.92763532019187,1.6244525038076094,1
80.81369454587748,23.592903919649267,92.19226208885398,52.875404188008794,2.1712501904937387,1
44.33190453875055,80.88063387963136,50.65722927578014,68.34435358571831,3.1355894498632946,0
41.839150132348365,49.73792531218746,37.30662221046616,70.40149444950619,2.834042328273027,0
55.46097331067282,51.396654898358406,55.40618767462523,53.39063534403786,3.8601031957023184,1
67.75737740435898,80.34119786776182,23.869016883902468,31.54496349499852,2.4906931562292516,1
92.09635032450282,93.4741145716327,85.63900675842198,27.484752552986844,3.2346583558209865,0
83.63014418597848,96.07428756020387,86.10726487601494,21.333724047970648,2.7233068686878035,0
84.56239127199886,66.16980688306566,67.04003707437028,89.88274113961717,2.781440539810529,1
65.52960006688451,48.569692744040225,48.24823111507116,38.917992979095565,2.169435786510294,0
60.75609955281777,83.00392686870234,83.98266915566268,36.920539942541446,2.637376942104999,1
62.262325779076164,40.08011066098402,64.37496198306937,78.88283203408524,2.676962492531768,1
99.25897382416346,65.12592230668142,86.0745846840013,45.60128904699134,3.266606304372335,1
42.406551484748945,48.68627692198985,70.51670340664165,60.483575392946925,3.851599997965285,0
92.02188976734692,72.5304858966301,82.75243785702378,33.0008852237965,2.323303193706261,1
74.7205245143436,39.23191303148055,67.88503945742079,96.77965771695754,1.6055011714532461,1
66.31692515137543,35.32743565878606,53.1312854572533,88.12651200137898,2.740737813751599,1
83.51545962490819,93.45912693403497,96.635668794091,89.10316983720026,2.8611533303729217,1
69.20013648548218,28.14429463596295,63.289105990307576,52.541899885760415,1.921101377829788,1
92.40539428489964,60.47663261879453,68.40716148324307,80.98889709657382,3.4011615156901667,1
94.04211184067552,37.668222637040714,37.639011153179936,31.510092431182414,3.962322771103729,1
65.30325561240733,23.114397066053396,70.05206315418212,20.689520207342422,3.8644367925211522,0
56.60966783410309,22.881505463314113,65.72861195863551,21.59783460624225,1.9927650970591304,0
75.54101971560173,34.01774176846619,34.78707183576199,66.92813899236484,3.6884080997519018,1
94.74180073700145,89.34162836048002,24.7669677882515,56.43159241983526,3.2612340910292117,1
52.63973134033999,42.598299518162136,68.34874557718169,61.44122791268158,2.634616409517279,1
77.37799501380897,96.03673364602366,81.09538154802564,20.597051233377552,2.8515274858118227,1
77.89361320555123,66.52978343913549,61.87210967376066,53.81492957259405,3.624000437456145,1
83.98678134491686,54.92913518150129,38.14181002557166,77.44545289606887,2.700337349095933,1
47.894061107635586,66.40710677355636,73.32175813544279,55.41549615739487,2.4330184227628173,0
82.94949788092532,61.33587081810142,26.40845812876818,78.57753650497779,2.7331187325649644,1
94.54195123993847,80.70210030058601,55.34669638415637,38.64151715174678,2.9478245100876226,1
50.78098653221452,42.59968527782818,33.06934067187362,85.05136035853803,1.9726941344458722,1
54.25259949543266,48.24403132802419,34.75672408479067,67.07449923627618,3.7522693256674766,1
98.28370564249838,91.52754420266005,36.18351593265629,36.8610479543925,3.1854673720740347,1
50.85861716256939,95.71652105203243,50.93656456351823,38.93763806830663,3.083172293343722,1
91.26310560217475,91.40465819891796,24.09201644963181,70.24243716556296,1.7487405654515953,1
69.53667138688209,53.55583951658509,51.823475274327855,86.39516745699547,3.0104348454314795,1
54.833864464190626,82.42924024055054,60.936595769176066,53.25022256233241,1.8024016555962308,1
92.24499407635068,58.1068586640879,58.663542797306015,40.66403433020738,1.6967441879884977,1
66.71831530015993,59.80318817168818,50.622728032243245,89.36092855284804,2.818277239105983,1
70.8890412357814,36.374408724582715,87.1317286456602,73.5414633400668,2.5069638351162373,1
61.55400216398594,67.29042426068132,31.62613539364033,55.84683898264612,2.972025675390558,1
75.57705108609565,34.89087182026783,60.455739502509914,59.03201562234415,1.7230554201430965,1
49.81143235510137,46.5251759253755,24.963313356524345,36.34051743491171,2.577457657118146,0
63.46489219910564,88.40241612959481,25.69245431023278,70.14421040518752,1.9369667876128949,1
98.16473934011725,36.56606473686842,65.9092679741677,48.69940084343109,3.9677502148102914,1
55.48800596206765,25.692662813874627,65.28147399102568,99.65161413394794,2.902875531087936,1
79.40419987247753,25.520607409025303,90.24268102755656,58.414681220951024,3.2185921523521683,1
59.511403853481696,95.26276164024863,64.62989405280585,58.87084849516906,2.3135457017065195,0
86.40838754119605,60.55363503694677,96.78328163238801,65.26814299285375,1.7368472869483604,1
47.85241964310099,52.752965745361465,23.89558787199438,93.34048024949973,3.9396771569588416,0
98.18926270471269,84.87028648063347,27.840614782459284,84.06544798878002,2.215647588457958,1
67.22737248301836,86.86607423284129,23.525268925630513,56.09040558382731,2.5595204629339356,1
54.16302780078784,46.575282649248365,34.8221480266832,77.49594127782368,3.1246598042564377,1
44.409804839800756,75.48944459790363,63.301608875334246,66.89883990246094,1.561743244215278,0
50.18547430525244,81.68982526815093,71.64577451419424,59.389363896099916,3.525647826293217,1
71.18643691336106,72.37205494927636,23.646812635893504,35.38526182274804,2.8414454750715508,0
60.22019058587718,32.12760598400795,95.67767118764795,57.11490107639128,2.1955429676720555,1
89.73300195295657,90.07064668136456,87.37323013203049,39.66548696180597,1.6540199632311732,1
65.85325141970836,63.12756421888069,43.72899857256745,93.18737198813237,1.9062460386861035,1
54.92285635525779,42.597794109600294,26.175002418117437,46.83254507970776,3.737584647133592,1
77.0286991962418,54.01825483501551,33.59096585752458,96.18112116266978,3.2150605598397277,1
82.40663301312675,23.00568723191259,30.155553100397814,62.64442320757689,2.1247543040922245,0
50.02251447405699,30.229344097793405,29.86270234391575,70.52355029409283,1.6640019123625738,0
50.05715297729906,81.24374004126886,61.48493509325871,63.43523555914622,3.226538280966591,1
42.20028561601258,20.000930780429293,39.66779539947203,30.35044935733607,2.931019314919413,0
84.18412090393844,53.32526627858337,48.651177322331556,50.065697520635275,2.5112988111455876,1
79.8282716573083,61.800814486847074,99.16042667074579,27.931688982209913,2.4090286229751596,0
68.47785254498883,24.370753600077784,74.74513991402759,69.83632353467054,2.0420356898227707,1
90.65022693815183,97.84625303778662,95.91845336376011,55.74993561603512,3.1740281413437943,1
88.34020917700319,38.09002649997375,31.404524402649248,82.23879772567494,3.9266700694846763,1
75.12126186380513,44.33589757090247,50.57115798660554,37.63763847994959,1.9392881145920646,0
92.09627683079552,44.31540098040219,64.37854426258835,33.16528467434679,2.9927915500387585,1
52.350472602206096,38.43333296938799,26.14064495109904,52.50657847710143,2.560462639364941,1
46.71517716386367,20.11790576690491,20.33499549023663,94.12683065747049,2.6167218043616622,0
56.18497669101937,78.34758352703972,73.6347467037534,76.83374520099294,2.135368200319536,1
43.42521136535889,97.34763998394283,71.34556134411483,53.513889983433494,3.5628371891535475,0
71.87017168006193,37.94347866280361,52.86310479996894,61.38177358034484,2.713139010368103,1
96.19634153769769,73.0437753442738,59.17152608256261,26.73704089416787,2.85851463049566,0
42.36061244011058,79.3517061566972,53.23544004736717,98.76607171008905,2.261902281993314,0
47.32659484060161,87.87403032724198,21.92040358759111,73.31258437559352,1.9545211641673743,0
67.13194169700611,53.81033576108873,46.82972849739699,42.832325477073795,1.714775970507051,1
96.0325010516743,44.23447245123434,34.16658043178319,66.86467153721955,3.28529785231229,1
58.96936629860503,46.02361072184249,27.8739351281095,28.75858928551952,1.990585704219639,0
70.43408852130355,77.00970664788102,96.53763471114799,97.26693350460668,3.225188385471994,1
42.494371543023526,85.34235732045089,67.94877800337325,33.98279903066928,2.4759411151173847,0
48.90059205772533,34.52911742052821,78.29250273892822,71.84242544441713,2.539437002474129,0
99.19780737753081,49.67528065262122,45.2290994612894,39.63635700311443,2.672943740231929,1
97.90712178616273,92.155215739932,51.45177035952122,77.40491061188285,2.419271270318858,1
40.29639885606458,84.53548157557914,38.95391951173788,82.14570937922248,1.7515499430564752,0
97.10870712539435,98.78867222099807,27.75725367723398,73.87357831291462,2.2740795250071146,1
78.34719626893002,80.33986077456646,34.3225309953267,69.1599568204154,3.1593359017348464,1
92.07509767120132,51.45561608223378,83.80112362371887,91.39752751616093,3.1644610036721774,1
67.28439133803155,67.25102671957103,74.20366441470208,26.290136879180643,2.215560768099986,0
70.93576171475502,72.88114033978562,63.75431007883815,46.473181262415615,2.65025656639422,1
69.3307948154152,26.276465305369918,58.00718982934144,39.86299837046768,1.9836180700298436,0
80.01185545276627,63.55975672830921,93.79474269248996,99.04111696523373,2.0259302038245894,1
48.379075285378775,76.74566627780877,25.818795822293474,51.15118237334988,1.5576177210165185,0
41.798415392360674,33.38570432008483,42.448065059033276,78.6090159392319,3.7418663747693617,0
58.47579649547146,82.45053739404457,47.99502828565713,74.77801311048037,2.0267666626872654,1
82.2808457641988,66.70182244112894,82.59406497702302,36.96649899819022,2.0688346923411585,1
52.1112071273769,96.17774285580757,99.4011696129577,39.11981441692411,2.1990035816128293,1
80.40594599949503,23.393783856551337,39.253641180572245,42.502765084242725,1.8185201792385726,1
98.19472276643623,41.22609100443736,89.94458673096645,52.890182260750336,3.098157207953407,1
45.6340429473651,68.12431034398593,86.4498208345433,38.746005252042146,1.6878573829439665,0
80.35612709350758,43.724792976474454,37.97259181134133,21.572118619747826,1.8355060658158757,0
66.62501315827427,77.15393312569938,51.94660641593781,90.35144454457564,3.1118918164752323,1
92.08853526265032,80.72042260175448,52.77382954340153,97.24878651047072,2.3491515512036067,1
50.628987366843155,28.201277125317958,98.25765348212467,47.32563096252544,3.2698695667529725,1
81.55755713356987,61.108357136541414,34.47135211031187,47.080550354037825,2.893561861675355,1
90.28691737888661,60.71124444728447,83.93263768838256,20.567345021949677,2.1400529326537825,0
96.6768531684414,49.54246161724328,46.73541713384879,74.42005506642992,3.12706987622332,1
80.99488169737876,94.63398900557377,78.46962766209283,86.0351916598903,1.7906842007322017,1
69.83048584050565,86.2005055898577,53.60088034365303,31.728664028800253,2.841025957700076,1
77.07083441207283,75.77675055277095,66.2687810493232,32.77330794937206,2.5928702626125864,1
92.1342990687231,77.14613085879981,86.60894186609049,83.20665999771502,2.1696839570436017,1
74.23658479832977,56.93729150504953,84.33324519871073,69.30325986833157,3.01001249434875,1
41.82322358181021,93.67956168772606,89.31385468317602,23.58884461021736,3.6783339808507063,0
95.85692173041866,75.56763418026283,24.769386027572722,69.80375923698253,3.997261749407692,1
81.37160506189366,78.31848493246531,75.36404424317959,44.71341782750129,3.019406921858561,1
80.59080314663478,88.93527230298761,31.198990137741028,49.498012437667676,2.5117646858229254,1
52.94050914386303,41.925727147375284,53.265485441472876,81.57851346375041,2.063017750540504,1
79.53312821395943,84.56567230933624,63.88707320437508,84.87481541380885,2.1427402234877793,1
63.63186433924951,35.61924823651936,52.21915877974646,52.02853014718645,2.6986374453744144,1
79.07397862248953,47.627356179591025,61.5689340642406,95.77223488050838,2.418194253201773,1
46.39558181847944,46.848836341587415,99.72210470388953,52.51701743616578,3.7845363065623605,1
79.47071827618217,98.28203747113125,30.817385097028378,81.74688281840879,2.420738669139274,1
99.96482354623998,88.52297789983415,74.03648362691405,58.710181165140725,2.4336114778635887,1
42.892722331633365,76.09358892722078,51.680077310849214,91.80258612176672,2.4588362810849427,1
98.63045105327905,78.16454092923121,30.6407839125863,92.62089949201429,3.5915505259191454,1
64.41447764337224,64.96582355220568,32.698941069944766,26.99334462968671,3.1269708021172544,0
92.24520702023554,95.76725336868152,95.94184849964935,94.91946650481806,3.035422125797232,1
86.94312904349641,59.70070023058892,90.36811973694097,86.04278732163326,2.3353575559596553,1
74.02097565920008,50.441416789591564,92.56335683320175,83.30485714501336,3.5447604420810985,1
84.30695255507959,33.04282695452728,99.32262206619092,36.072907174841795,1.5959096533892527,1
92.71093367808086,82.89645218088464,36.66523120068143,84.4095367003732,3.676992930845283,1
64.24841929906198,78.75551456604731,48.43514698912494,88.01061877480295,2.7818747494848237,1
59.62198969379432,50.74840308193079,73.53752239398933,43.132026756332074,2.495625587158532,1
80.05560313381508,22.01547311673835,58.70420318885178,96.1808062689859,2.742918201794214,1
88.47075651647552,87.11978621744086,53.47116267026668,23.98881171193314,3.1685388263345775,0
85.73710808659695,20.91343867632589,48.62489994684744,31.992740259771175,1.5319135662947434,0
87.86881893151806,76.29598237032408,67.50245055547617,63.00649104412115,3.6788796411456195,1
66.13499888877598,97.62056877808456,66.04747429120656,66.06339768978478,2.616848813278482,1
89.0700529705013,55.01290625185628,32.91662672513921,71.61200666407227,2.3574162992501955,1
47.212543322236506,38.79787239967622,57.73918700147512,21.357530345237315,1.8456139140851429,0
72.66934587765098,76.38968080347054,64.27774209678799,96.82934196977043,2.598663435896105,1
40.34551962988729,85.37025136124682,65.62295509851124,23.56704741873152,2.7408069282109473,0
59.47514979401622,63.71442528622779,36.80857543298814,31.44495621787219,2.5091167362336946,0
61.98769209228387,97.36282202049169,79.38171138018294,21.12116140208456,3.196650234567243,0
63.770361496555324,24.13349773263689,22.01592758568557,65.34867466352758,2.552241321898065,0
81.72803240139173,60.38364786436225,48.38654844345301,94.58135071367778,3.9035439446164335,1
63.31348607622074,77.476315785804,82.41701188285069,73.27577328643713,2.9981937945589796,1
66.92161735735183,89.01123769193431,65.11143368443219,85.81259747843418,3.5186948391297723,1
54.252647852459646,34.340448952623206,40.89299460086882,21.062496276686407,1.773389757773697,0
62.39510749776041,84.00027854109452,75.59624954744382,63.361223878378084,2.493228232364764,1
53.63617763578909,64.21656605748362,65.39127553248588,56.76503820044175,2.3421192536178816,1
44.39175542610662,51.724294559197055,83.69948875651097,59.917435537663444,2.9237059703414796,1
76.20691560288267,30.537202286327485,78.80201489518586,25.777054826815036,3.652783800153564,0
80.09276791330097,89.223660712713,68.80863376289878,74.7548288855446,1.6958455444050167,1
77.16942076057687,32.581856654377226,59.05421402486512,60.257633188690754,1.681436995111777,1
67.80964262803434,44.78302873672794,30.654570053401873,81.21190798890112,3.6257942703939974,1
62.78714681075379,43.20364255699495,40.9066414308307,58.823250724937225,2.0321252150958937,1
91.80001897430952,89.71312273526834,53.52795783336682,31.950530898114565,3.171883136124534,1
